,title,year,rating,director,length,genres,crew,votes
0,Sueño de Libertad,1994,9.2,Frank Darabont,2h 22m,Drama,"Tim Robbins, Morgan Freeman, Bob Gunton, William Sadler, Clancy Brown, Gil Bellows, Mark Rolston, James Whitmore, Jeffrey DeMunn, Larry Brandenburg, Neil Giuntoli, Brian Libby, David Proval, Joseph Ragno, Jude Ciccolella, Paul McCrane, Renee Blaine, Scott Mann",2.6M
1,El Padrino,1972,9.2,Francis Ford Coppola,2h 55m,"Crime, Drama","Marlon Brando, Al Pacino, James Caan, Diane Keaton, Richard S. Castellano, Robert Duvall, Sterling Hayden, John Marley, Richard Conte, Al Lettieri, Abe Vigoda, Talia Shire, Gianni Russo, John Cazale, Rudy Bond, Al Martino, Morgana King, Lenny Montana",1.8M
2,Batman - El caballero de la noche,2008,9.0,Christopher Nolan,2h 32m,"Action, Crime, Drama","Christian Bale, Heath Ledger, Aaron Eckhart, Michael Caine, Maggie Gyllenhaal, Gary Oldman, Morgan Freeman, Monique Gabriela Curnen, Ron Dean, Cillian Murphy, Chin Han, Nestor Carbonell, Eric Roberts, Ritchie Coster, Anthony Michael Hall, Keith Szarabajka, Colin McFarlane, Joshua Harto",2.6M
3,El Padrino 2ª Parte,1974,9.0,Francis Ford Coppola,3h 22m,"Crime, Drama","Al Pacino, Robert De Niro, Robert Duvall, Diane Keaton, John Cazale, Talia Shire, Lee Strasberg, Michael V. Gazzo, G.D. Spradlin, Richard Bright, Gastone Moschin, Tom Rosqui, Bruno Kirby, Frank Sivero, Francesca De Sapio, Morgana King, Marianna Hill, Leopoldo Trieste",1.2M
4,12 hombres en pugna,1957,8.9,Sidney Lumet,1h 36m,"Crime, Drama","Henry Fonda, Lee J. Cobb, Martin Balsam, John Fiedler, E.G. Marshall, Jack Klugman, Edward Binns, Jack Warden, Joseph Sweeney, Ed Begley, George Voskovec, Robert Webber, Rudy Bond, Tom Gorman, James Kelly, Billy Nelson, John Savoca, Walter Stocker",771K
5,La lista de Schindler,1993,8.9,Steven Spielberg,3h 15m,"Biography, Drama, History","Liam Neeson, Ralph Fiennes, Ben Kingsley, Caroline Goodall, Jonathan Sagall, Embeth Davidtz, Malgorzata Gebel, Shmuel Levy, Mark Ivanir, Béatrice Macola, Andrzej Seweryn, Friedrich von Thun, Krzysztof Luft, Harry Nehring, Norbert Weisser, Adi Nitzan, Michael Schneider, Miri Fabian",1.3M
6,El señor de los anillos: El retorno del rey,2003,8.9,Peter Jackson,3h 21m,"Action, Adventure, Drama","Elijah Wood, Viggo Mortensen, Ian McKellen, Orlando Bloom, Noel Appleby, Ali Astin, Sean Astin, David Aston, John Bach, Sean Bean, Cate Blanchett, Billy Boyd, Sadwyn Brophy, Alistair Browning, Marton Csokas, Richard Edge, Jason Fitch, Bernard Hill",1.8M
7,Tiempos violentos,1994,8.9,Quentin Tarantino,2h 34m,"Crime, Drama","John Travolta, Uma Thurman, Samuel L. Jackson, Bruce Willis, Tim Roth, Amanda Plummer, Laura Lovelace, Phil LaMarr, Frank Whaley, Burr Steers, Ving Rhames, Paul Calderon, Bronagh Gallagher, Rosanna Arquette, Eric Stoltz, Jerome Patrick Hoban, Michael Gilden, Gary Shorelle",2M
8,El señor de los anillos: La comunidad del anillo,2001,8.8,Peter Jackson,2h 58m,"Action, Adventure, Drama","Elijah Wood, Ian McKellen, Orlando Bloom, Sean Bean, Alan Howard, Noel Appleby, Sean Astin, Sala Baker, Billy Boyd, Andy Serkis, Marton Csokas, Viggo Mortensen, Megan Edwards, Michael Elsworth, Cate Blanchett, Mark Ferguson, Ian Holm, Christopher Lee",1.8M
9,"El bueno, el malo y el feo",1966,8.8,Sergio Leone,2h 41m,"Adventure, Western","Clint Eastwood, Eli Wallach, Lee Van Cleef, Aldo Giuffrè, Luigi Pistilli, Rada Rassimov, Enzo Petito, Claudio Scarchilli, John Bartha, Livio Lorenzon, Antonio Casale, Sandro Scarchilli, Benito Stefanelli, Angelo Novi, Antonio Casas, Aldo Sambrell, Al Mulock, Sergio Mendizábal",748K
10,Forrest Gump,1994,8.8,Robert Zemeckis,2h 22m,"Drama, Romance","Tom Hanks, Robin Wright, Gary Sinise, Sally Field, Rebecca Williams, Michael Conner Humphreys, Harold G. Herthum, George Kelly, Bob Penny, John Randall, Sam Anderson, Margo Moorer, Ione M. Telech, Christine Seabrook, John Worsham, Peter Dobson, Siobhan Fallon Hogan, Alexander Zemeckis",2M
11,El club de la pelea,1999,8.7,David Fincher,2h 19m,Drama,"Brad Pitt, Edward Norton, Meat Loaf, Zach Grenier, Richmond Arquette, David Andrews, George Maguire, Eugenie Bondurant, Christina Cabot, Helena Bonham Carter, Sydney 'Big Dawg' Colston, Rachel Singer, Christie Cronenweth, Tim DeZarn, Ezra Buzzington, Dierdre Downing-Jackson, Bob Stephenson, Charlie Dell",2.1M
12,El origen,2010,8.7,Christopher Nolan,2h 28m,"Action, Adventure, Sci-Fi","Leonardo DiCaprio, Joseph Gordon-Levitt, Elliot Page, Ken Watanabe, Tom Hardy, Dileep Rao, Cillian Murphy, Tom Berenger, Marion Cotillard, Pete Postlethwaite, Michael Caine, Lukas Haas, Tai-Li Lee, Claire Geare, Magnus Nolan, Taylor Geare, Johnathan Geare, Tohoru Masamune",2.3M
13,El señor de los anillos: Las dos torres,2002,8.7,Peter Jackson,2h 59m,"Action, Adventure, Drama","Elijah Wood, Ian McKellen, Viggo Mortensen, Orlando Bloom, Bruce Allpress, Sean Astin, John Bach, Sala Baker, Cate Blanchett, Billy Boyd, Jed Brophy, Sam Comery, Brad Dourif, Calum Gittins, Bernard Hill, Bruce Hopkins, Paris Howe Strewe, Christopher Lee",1.6M
14,El imperio contraataca,1980,8.7,Irvin Kershner,2h 4m,"Action, Adventure, Fantasy","Mark Hamill, Harrison Ford, Carrie Fisher, Billy Dee Williams, Anthony Daniels, David Prowse, Peter Mayhew, Kenny Baker, Frank Oz, Alec Guinness, Jeremy Bulloch, John Hollis, Jack Purvis, Des Webb, Clive Revill, Kenneth Colley, Julian Glover, Michael Sheard",1.3M
15,Matrix,1999,8.7,Lana Wachowski,2h 16m,"Action, Sci-Fi","Keanu Reeves, Laurence Fishburne, Carrie-Anne Moss, Hugo Weaving, Gloria Foster, Joe Pantoliano, Marcus Chong, Julian Arahanga, Matt Doran, Belinda McClory, Anthony Ray Parker, Paul Goddard, Robert Taylor, David Aston, Marc Aden Gray, Ada Nicodemou, Deni Gordon, Rowan Witt",1.9M
16,Buenos muchachos,1990,8.7,Martin Scorsese,2h 25m,"Biography, Crime, Drama","Robert De Niro, Ray Liotta, Joe Pesci, Lorraine Bracco, Paul Sorvino, Frank Sivero, Tony Darrow, Mike Starr, Frank Vincent, Chuck Low, Frank DiLeo, Henny Youngman, Gina Mastrogiacomo, Catherine Scorsese, Charles Scorsese, Suzanne Shepherd, Debi Mazar, Margo Winkler",1.1M
17,Atrapado sin salida,1975,8.6,Milos Forman,2h 13m,Drama,"Jack Nicholson, Louise Fletcher, Michael Berryman, Peter Brocco, Dean R. Brooks, Alonzo Brown, Scatman Crothers, Mwako Cumbuka, Danny DeVito, William Duell, Josip Elic, Lan Fendors, Nathan George, Ken Kenny, Mel Lambert, Sydney Lassick, Kay Lee, Christopher Lloyd",990K
18,Pecados capitales,1995,8.6,David Fincher,2h 7m,"Crime, Drama, Mystery","Morgan Freeman, Brad Pitt, Kevin Spacey, Andrew Kevin Walker, Daniel Zacapa, Gwyneth Paltrow, John Cassini, Bob Mack, Peter Crombie, Reg E. Cathey, R. Lee Ermey, George Christy, Endre Hules, Hawthorne James, William Davidson, Bob Collins, Jimmy Dale Hartsell, Richard Roundtree",1.6M
19,Los siete samuráis,1954,8.6,Akira Kurosawa,2h 43m,"Action, Drama","Toshirô Mifune, Takashi Shimura, Keiko Tsushima, Yukiko Shimazaki, Kamatari Fujiwara, Daisuke Katô, Isao Kimura, Minoru Chiaki, Seiji Miyaguchi, Yoshio Kosugi, Bokuzen Hidari, Yoshio Inaba, Yoshio Tsuchiya, Kokuten Kôdô, Eijirô Tôno, Kichijirô Ueda, Jun Tatara, Atsushi Watanabe",341K
20,Qué bello es vivir,1946,8.6,Frank Capra,2h 10m,"Drama, Family, Fantasy","James Stewart, Donna Reed, Lionel Barrymore, Thomas Mitchell, Henry Travers, Beulah Bondi, Frank Faylen, Ward Bond, Gloria Grahame, H.B. Warner, Frank Albertson, Todd Karns, Samuel S. Hinds, Mary Treen, Virginia Patton, Charles Williams, Sarah Edwards, William Edmunds",448K
21,El silencio de los inocentes,1991,8.6,Jonathan Demme,1h 58m,"Crime, Drama, Thriller","Jodie Foster, Anthony Hopkins, Lawrence A. Bonney, Kasi Lemmons, Lawrence T. Wrentz, Scott Glenn, Anthony Heald, Frankie Faison, Don Brockett, Frank Seals Jr., Stuart Rudin, Maria Skorobogatov, Jeffrie Lane, Leib Lensky, George 'Red' Schwartz, Jim Roche, Brooke Smith, Ted Levine",1.4M
22,Ciudad de Dios,2002,8.6,Fernando Meirelles,2h 10m,"Crime, Drama","Alexandre Rodrigues, Leandro Firmino, Matheus Nachtergaele, Phellipe Haagensen, Douglas Silva, Jonathan Haagensen, Seu Jorge, Jefechander Suplino, Alice Braga, Emerson Gomes, Edson Oliveira, Michel Gomes, Roberta Rodrigues, Luis Otávio, Kiko Marques, Gustavo Engrácia, Darlan Cunha, Robson Rocha",745K
23,Rescatando al soldado Ryan,1998,8.6,Steven Spielberg,2h 49m,"Drama, War","Tom Hanks, Matt Damon, Tom Sizemore, Edward Burns, Barry Pepper, Adam Goldberg, Vin Diesel, Giovanni Ribisi, Jeremy Davies, Ted Danson, Paul Giamatti, Dennis Farina, Joerg Stadler, Max Martini, Dylan Bruno, Daniel Cerqueira, Demetri Goritsas, Ian Porter",1.4M
24,La vida es bella,1997,8.6,Roberto Benigni,1h 56m,"Comedy, Drama, Romance","Roberto Benigni, Nicoletta Braschi, Giorgio Cantarini, Giustino Durano, Sergio Bini Bustric, Marisa Paredes, Horst Buchholz, Lidia Alfonsi, Giuliana Lojodice, Amerigo Fontani, Pietro De Silva, Francesco Guzzo, Raffaella Lebboroni, Claudio Alfonsi, Gil Baroni, Massimo Bianchi, Jürgen Bohn, Verena Buratti",681K
25,Milagros inesperados,1999,8.6,Frank Darabont,3h 9m,"Crime, Drama, Fantasy","Tom Hanks, Michael Clarke Duncan, David Morse, Bonnie Hunt, James Cromwell, Michael Jeter, Graham Greene, Doug Hutchison, Sam Rockwell, Barry Pepper, Jeffrey DeMunn, Patricia Clarkson, Harry Dean Stanton, Dabbs Greer, Eve Brent, William Sadler, Mack Miles, Rai Tasco",1.3M
26,Interestelar,2014,8.6,Christopher Nolan,2h 49m,"Adventure, Drama, Sci-Fi","Matthew McConaughey, Anne Hathaway, Jessica Chastain, Mackenzie Foy, Ellen Burstyn, John Lithgow, Timothée Chalamet, David Oyelowo, Collette Wolfe, Francis X. McCarthy, Bill Irwin, Andrew Borba, Wes Bentley, William Devane, Michael Caine, David Gyasi, Josh Stewart, Casey Affleck",1.8M
27,La guerra de las galaxias,1977,8.6,George Lucas,2h 1m,"Action, Adventure, Fantasy","Mark Hamill, Harrison Ford, Carrie Fisher, Alec Guinness, Peter Cushing, Anthony Daniels, Kenny Baker, Peter Mayhew, David Prowse, Phil Brown, Shelagh Fraser, Jack Purvis, Alex McCrindle, Eddie Byrne, Drewe Henley, Denis Lawson, Garrick Hagon, Jack Klaff",1.3M
28,Terminator 2: el juicio final,1991,8.5,James Cameron,2h 17m,"Action, Sci-Fi","Arnold Schwarzenegger, Linda Hamilton, Edward Furlong, Robert Patrick, Earl Boen, Joe Morton, S. Epatha Merkerson, Castulo Guerra, Danny Cooksey, Jenette Goldstein, Xander Berkeley, Leslie Hamilton Gearren, Ken Gibbel, Robert Winley, Peter Schrum, Shane Wilder, Michael Edwards, Jared Lounsbery",1.1M
29,Volver al futuro,1985,8.5,Robert Zemeckis,1h 56m,"Adventure, Comedy, Sci-Fi","Michael J. Fox, Christopher Lloyd, Lea Thompson, Crispin Glover, Tom Wilson, Claudia Wells, Marc McClure, Wendie Jo Sperber, George DiCenzo, Frances Lee McCain, James Tolkan, J.J. Cohen, Casey Siemaszko, Billy Zane, Harry Waters Jr., Donald Fullilove, Lisa Freeman, Cristen Kauffman",1.2M
30,El viaje de Chihiro,2001,8.5,Hayao Miyazaki,2h 5m,"Animation, Adventure, Family","Daveigh Chase, Suzanne Pleshette, Miyu Irino, Rumi Hiiragi, Mari Natsuki, Takashi Naitô, Yasuko Sawaguchi, Tatsuya Gashûin, Ryûnosuke Kamiki, Yumi Tamai, Yô Ôizumi, Koba Hayashi, Tsunehiko Kamijô, Takehiko Ono, Bunta Sugawara, Shigeru Wakita, Shirô Saitô, Michiko Yamamoto",740K
31,Psicosis,1960,8.5,Alfred Hitchcock,1h 49m,"Horror, Mystery, Thriller","Anthony Perkins, Janet Leigh, Vera Miles, John Gavin, Martin Balsam, John McIntire, Simon Oakland, Frank Albertson, Patricia Hitchcock, Vaughn Taylor, Lurene Tuttle, John Anderson, Mort Mills, Fletcher Allen, Walter Bacon, Prudence Beers, Kit Carson, Francis De Sales",658K
32,El pianista,2002,8.5,Roman Polanski,2h 30m,"Biography, Drama, Music","Adrien Brody, Thomas Kretschmann, Frank Finlay, Emilia Fox, Michal Zebrowski, Ed Stoppard, Maureen Lipman, Jessica Kate Meyer, Julia Rayner, Wanja Mues, Richard Ridings, Nomi Sharron, Anthony Milner, Lucy Skeaping, Roddy Skeaping, Ben Harlan, Thomas Lawinky, Joachim Paul Assböck",812K
33,El perfecto asesino,1994,8.5,Luc Besson,1h 50m,"Action, Crime, Drama","Jean Reno, Gary Oldman, Natalie Portman, Danny Aiello, Peter Appel, Willi One Blood, Don Creech, Keith A. Glascoe, Randolph Scott, Michael Badalucco, Ellen Greene, Elizabeth Regen, Carl J. Matusovich, Frank Senger, Lucius Wyatt Cherokee, Eric Challier, Luc Bernard, Maïwenn",1.1M
34,Parasite: Parásitos,2019,8.5,Bong Joon Ho,2h 12m,"Comedy, Drama, Thriller","Song Kang-ho, Sun-kyun Lee, Cho Yeo-jeong, Choi Woo-sik, So-dam Park, Lee Jeong-eun, Jang Hye-jin, Park Myeong-hoon, Ji-so Jung, Hyun-jun Jung, Keun-rok Park, Yi-Seo Jung, Jae-myeong Jo, Ik-han Jung, Kyu-baek Kim, Hwang In Kyung, Ahn Seong-Bong, Kim Jin Hyung",758K
35,The Lion King,1994,8.5,Roger Allers,1h 28m,"Animation, Adventure, Drama","Matthew Broderick, Jeremy Irons, James Earl Jones, Whoopi Goldberg, Rowan Atkinson, Niketa Calame-Harris, Jim Cummings, Robert Guillaume, Moira Kelly, Nathan Lane, Zoe Leader, Cheech Marin, Ernie Sabella, Madge Sinclair, Jonathan Taylor Thomas, Frank Welker, Cathy Cavadini, Judi M. Durand",1M
36,Gladiador,2000,8.5,Ridley Scott,2h 35m,"Action, Adventure, Drama","Russell Crowe, Joaquin Phoenix, Connie Nielsen, Oliver Reed, Richard Harris, Derek Jacobi, Djimon Hounsou, David Schofield, John Shrapnel, Tomas Arana, Ralf Moeller, Spencer Treat Clark, David Hemmings, Tommy Flanagan, Sven-Ole Thorsen, Omid Djalili, Nicholas McGaughey, Chris Kell",1.5M
37,América X,1998,8.5,Tony Kaye,1h 59m,"Crime, Drama","Edward Norton, Edward Furlong, Beverly D'Angelo, Jennifer Lien, Ethan Suplee, Fairuza Balk, Avery Brooks, Elliott Gould, Stacy Keach, William Russ, Guy Torry, Joe Cortese, Jason Bose Smith, Antonio David Lyons, Alex Sol, Keram Malicki-Sánchez, Giuseppe Andrews, Michelle Christine White",1.1M
38,Los sospechosos de siempre,1995,8.5,Bryan Singer,1h 46m,"Crime, Drama, Mystery","Kevin Spacey, Gabriel Byrne, Chazz Palminteri, Stephen Baldwin, Benicio Del Toro, Kevin Pollak, Pete Postlethwaite, Suzy Amis, Giancarlo Esposito, Dan Hedaya, Paul Bartel, Carl Bressler, Phillipe Simon, Jack Shearer, Christine Estabrook, Clark Gregg, Morgan Hunter, Ken Daly",1.1M
39,Los infiltrados,2006,8.5,Martin Scorsese,2h 31m,"Crime, Drama, Thriller","Leonardo DiCaprio, Matt Damon, Jack Nicholson, Mark Wahlberg, Martin Sheen, Ray Winstone, Vera Farmiga, Anthony Anderson, Alec Baldwin, Kevin Corrigan, James Badge Dale, David O'Hara, Mark Rolston, Robert Wahlberg, Kristen Dalton, Thomas B. Duffy, Richard Hughes, J.C. MacKenzie",1.3M
40,El gran truco,2006,8.5,Christopher Nolan,2h 10m,"Drama, Mystery, Sci-Fi","Christian Bale, Hugh Jackman, Scarlett Johansson, Michael Caine, Piper Perabo, Rebecca Hall, Samantha Mahurin, David Bowie, Andy Serkis, Daniel Davis, Jim Piddock, Christopher Neame, Mark Ryan, Roger Rees, Jamie Harris, Monty Stuart, Ron Perkins, Ricky Jay",1.3M
41,Casablanca,1942,8.5,Michael Curtiz,1h 42m,"Drama, Romance, War","Humphrey Bogart, Ingrid Bergman, Paul Henreid, Claude Rains, Conrad Veidt, Sydney Greenstreet, Peter Lorre, S.Z. Sakall, Madeleine Lebeau, Dooley Wilson, Joy Page, John Qualen, Leonid Kinskey, Curt Bois, Abdullah Abbas, Enrique Acosta, Ed Agresti, Arnet Amos",563K
42,Whiplash: Música y obsesión,2014,8.5,Damien Chazelle,1h 46m,"Drama, Music","Miles Teller, J.K. Simmons, Melissa Benoist, Paul Reiser, Austin Stowell, Nate Lang, Chris Mulkey, Damon Gupton, Suanne Spoke, Max Kasch, Charlie Ian, Jayson Blair, Kofi Siriboe, Kavita Patil, C.J. Vana, Tarik Lowe, Tyler Kimball, Rogelio Douglas Jr.",822K
43,Top Gun: Maverick,2022,8.5,Joseph Kosinski,2h 10m,"Action, Drama","Tom Cruise, Jennifer Connelly, Miles Teller, Val Kilmer, Bashir Salahuddin, Jon Hamm, Charles Parnell, Monica Barbaro, Lewis Pullman, Jay Ellis, Danny Ramirez, Glen Powell, Jack Schumacher, Manny Jacinto, Kara Wang, Greg Tarzan Davis, Jake Picking, Raymond Lee",227K
44,Amigos intocables,2011,8.5,Olivier Nakache,1h 52m,"Biography, Comedy, Drama","François Cluzet, Omar Sy, Anne Le Ny, Audrey Fleurot, Joséphine de Meaux, Clotilde Mollet, Alba Gaïa Bellugi, Cyril Mendy, Salimata Kamate, Absa Diatou Toure, Grégoire Oestermann, Dominique Daguier, François Caron, Christian Ameri, Thomas Solivérès, Dorothée Brière, Marie-Laure Descoureaux, Émilie Caen",838K
45,Tiempos modernos,1936,8.5,Charles Chaplin,1h 27m,"Comedy, Drama, Romance","Charles Chaplin, Paulette Goddard, Henry Bergman, Tiny Sandford, Chester Conklin, Hank Mann, Stanley Blystone, Al Ernest Garcia, Richard Alexander, Cecil Reynolds, Mira McKinney, Murdock MacQuarrie, Wilfred Lucas, Edward LeSaint, Fred Malatesta, Sammy Stein, Juana Sutton, Ted Oliver",239K
46,Harakiri,1962,8.4,Masaki Kobayashi,2h 13m,"Action, Drama, Mystery","Tatsuya Nakadai, Akira Ishihama, Shima Iwashita, Tetsurô Tanba, Masao Mishima, Ichirô Nakatani, Kei Satô, Yoshio Inaba, Hisashi Igawa, Tôru Takeuchi, Yoshirô Aoki, Tatsuo Matsumura, Akiji Kobayashi, Kôichi Hayashi, Ryûtarô Gomi, Jô Azumi, Nakajirô Tomita, Shichisaburô Amatsu",55K
47,La tumba de las luciérnagas,1988,8.4,Isao Takahata,1h 29m,"Animation, Drama, War","Tsutomu Tatsumi, Ayano Shiraishi, Akemi Yamaguchi, Yoshiko Shinohara, Kôzô Hashida, Masayo Sakai, Kazumi Nozaki, Yoshio Matsuoka, Masahiro Kanetake, Kiyoshi Yanagawa, Hajime Maki, Atsuo Omote, Teruhisa Harita, Hiroshi Tanaka, Michio Denpô, Shirô Tamaki, Tadashi Nakamura, Mika Sekita",270K
48,Érase una vez en el Oeste,1968,8.4,Sergio Leone,2h 45m,Western,"Henry Fonda, Charles Bronson, Claudia Cardinale, Jason Robards, Gabriele Ferzetti, Paolo Stoppa, Woody Strode, Jack Elam, Keenan Wynn, Frank Wolff, Lionel Stander, Livio Andronico, Salvatore Basile, Aldo Berti, Joseph Bradley, Frank Braña, Marilù Carteny, Saturno Cerra",325K
49,La ventana indiscreta,1954,8.4,Alfred Hitchcock,1h 52m,"Mystery, Thriller","James Stewart, Grace Kelly, Wendell Corey, Thelma Ritter, Raymond Burr, Judith Evelyn, Ross Bagdasarian, Georgine Darcy, Sara Berner, Frank Cady, Jesslyn Fax, Rand Harper, Irene Winston, Havis Davenport, Jerry Antes, Barbara Bailey, Benny Bartlett, Nick Borgani",484K
50,Alien - El octavo pasajero,1979,8.4,Ridley Scott,1h 57m,"Horror, Sci-Fi","Sigourney Weaver, Tom Skerritt, John Hurt, Veronica Cartwright, Harry Dean Stanton, Ian Holm, Yaphet Kotto, Bolaji Badejo, Helen Horton, Eddie Powell",861K
51,Luces de la ciudad,1931,8.4,Charles Chaplin,1h 27m,"Comedy, Drama, Romance","Charles Chaplin, Virginia Cherrill, Florence Lee, Harry Myers, Al Ernest Garcia, Hank Mann, Johnny Aber, Jack Alexander, T.S. Alexander, Victor Alexander, Albert Austin, Harry Ayers, Eddie Baker, Henry Bergman, Edward Biby, Betty Blair, Buster Brodie, Jeanne Carpenter",183K
52,Cinema Paraíso,1988,8.4,Giuseppe Tornatore,2h 35m,"Drama, Romance","Philippe Noiret, Enzo Cannavale, Antonella Attili, Isa Danieli, Leo Gullotta, Marco Leonardi, Pupella Maggio, Agnese Nano, Leopoldo Trieste, Salvatore Cascio, Tano Cimarosa, Nicola Di Pinto, Roberta Lena, Nino Terzo, Jacques Perrin, Nellina Laganà, Turi Giuffrida, Mariella Lo Giudice",256K
53,"Memento, recuerdos de un crimen",2000,8.4,Christopher Nolan,1h 53m,"Mystery, Thriller","Guy Pearce, Carrie-Anne Moss, Joe Pantoliano, Mark Boone Junior, Russ Fega, Jorja Fox, Stephen Tobolowsky, Harriet Sansom Harris, Thomas Lennon, Callum Keith Rennie, Kimberly Campbell, Marianne Muellerleile, Larry Holden, Buzz Visconti",1.2M
54,Apocalipsis Now,1979,8.4,Francis Ford Coppola,2h 27m,"Drama, Mystery, War","Martin Sheen, Marlon Brando, Robert Duvall, Frederic Forrest, Sam Bottoms, Laurence Fishburne, Albert Hall, Harrison Ford, Dennis Hopper, G.D. Spradlin, Jerry Ziesmer, Scott Glenn, Bo Byers, James Keane, Kerry Rossall, Ron McQueen, Tom Mason, Cynthia Wood",656K
55,Los cazadores del arca perdida,1981,8.4,Steven Spielberg,1h 55m,"Action, Adventure","Harrison Ford, Karen Allen, Paul Freeman, John Rhys-Davies, Ronald Lacey, Denholm Elliott, Alfred Molina, Wolf Kahler, Anthony Higgins, Vic Tablian, Don Fellows, William Hootkins, Bill Reimbold, Fred Sorenson, Patrick Durkin, Matthew Scurfield, Malcolm Weaver, Sonny Caldinez",949K
56,Django sin cadenas,2012,8.4,Quentin Tarantino,2h 45m,"Drama, Western","Jamie Foxx, Christoph Waltz, Leonardo DiCaprio, Kerry Washington, Samuel L. Jackson, Walton Goggins, Dennis Christopher, James Remar, David Steen, Dana Gourrier, Nichole Galicia, Laura Cayouette, Ato Essandoh, Sammi Rotibi, Clay Donahue Fontenot, Escalante Lundy, Miriam F. Glover, Don Johnson",1.5M
57,WALL·E,2008,8.4,Andrew Stanton,1h 38m,"Animation, Adventure, Family","Ben Burtt, Elissa Knight, Jeff Garlin, Fred Willard, MacInTalk, John Ratzenberger, Kathy Najimy, Sigourney Weaver, Teddy Newton, Bob Bergen, John Cygan, Pete Docter, Paul Eiding, Donald Fullilove, Teresa Ganzel, Jess Harnell, Sherry Lynn, Mickie McGowan",1.1M
58,La vida de los otros,2006,8.4,Florian Henckel von Donnersmarck,2h 17m,"Drama, Mystery, Thriller","Ulrich Mühe, Martina Gedeck, Sebastian Koch, Ulrich Tukur, Thomas Thieme, Hans-Uwe Bauer, Volkmar Kleinert, Matthias Brenner, Charly Hübner, Herbert Knaup, Bastian Trost, Marie Gruber, Volker Michalowski, Werner Daehn, Martin Brambach, Hubertus Hartmann, Thomas Arnold, Hinnerk Schönemann",385K
59,El ocaso de una vida,1950,8.4,Billy Wilder,1h 55m,"Drama, Film-Noir","William Holden, Gloria Swanson, Erich von Stroheim, Nancy Olson, Fred Clark, Lloyd Gough, Jack Webb, Franklyn Farnum, Larry J. Blake, Charles Dayton, Cecil B. DeMille, Hedda Hopper, Buster Keaton, Anna Q. Nilsson, H.B. Warner, Ray Evans, Jay Livingston, Fred Aldrich",219K
60,La patrulla infernal,1957,8.4,Stanley Kubrick,1h 28m,"Drama, War","Kirk Douglas, Ralph Meeker, Adolphe Menjou, George Macready, Wayne Morris, Richard Anderson, Joe Turkel, Christiane Kubrick, Jerry Hausner, Peter Capell, Emile Meyer, Bert Freed, Kem Dibbs, Timothy Carey, Fred Bell, John Stein, Harold Benedict, Leon Briggs",195K
61,El resplandor,1980,8.4,Stanley Kubrick,2h 26m,"Drama, Horror","Jack Nicholson, Shelley Duvall, Danny Lloyd, Scatman Crothers, Barry Nelson, Philip Stone, Joe Turkel, Anne Jackson, Tony Burton, Lia Beldam, Billie Gibson, Barry Dennen, David Baxt, Manning Redwood, Lisa Burns, Louise Burns, Robin Pappas, Alison Coleridge",994K
62,El gran dictador,1940,8.4,Charles Chaplin,2h 5m,"Comedy, Drama, War","Charles Chaplin, Paulette Goddard, Jack Oakie, Reginald Gardiner, Henry Daniell, Billy Gilbert, Grace Hayle, Carter DeHaven, Maurice Moscovitch, Emma Dunn, Bernard Gorcey, Paul Weigel, Chester Conklin, Esther Michelson, Hank Mann, Florence Wright, Eddie Gribbon, Rudolph Anders",221K
63,Testigo de cargo,1957,8.4,Billy Wilder,1h 56m,"Crime, Drama, Mystery","Tyrone Power, Marlene Dietrich, Charles Laughton, Elsa Lanchester, John Williams, Henry Daniell, Ian Wolfe, Torin Thatcher, Norma Varden, Una O'Connor, Francis Compton, Philip Tonge, Ruta Lee, Patrick Aherne, Don Ames, Walter Bacon, Eddie Baker, Benjie Bancroft",123K
64,Avengers: Infinity War,2018,8.4,Anthony Russo,2h 29m,"Action, Adventure, Sci-Fi","Robert Downey Jr., Chris Hemsworth, Mark Ruffalo, Chris Evans, Scarlett Johansson, Don Cheadle, Benedict Cumberbatch, Tom Holland, Chadwick Boseman, Zoe Saldana, Karen Gillan, Tom Hiddleston, Paul Bettany, Elizabeth Olsen, Anthony Mackie, Sebastian Stan, Idris Elba, Danai Gurira",1M
65,Alien 2: El regreso,1986,8.3,James Cameron,2h 17m,"Action, Adventure, Sci-Fi","Sigourney Weaver, Michael Biehn, Carrie Henn, Paul Reiser, Lance Henriksen, Bill Paxton, William Hope, Jenette Goldstein, Al Matthews, Mark Rolston, Ricco Ross, Colette Hiller, Daniel Kash, Cynthia Dale Scott, Tip Tipping, Trevor Steedman, Paul Maxwell, Valerie Colgan",704K
66,Belleza americana,1999,8.3,Sam Mendes,2h 2m,Drama,"Kevin Spacey, Annette Bening, Thora Birch, Wes Bentley, Mena Suvari, Peter Gallagher, Allison Janney, Chris Cooper, Scott Bakula, Sam Robards, Barry Del Sherman, Ara Celi, John Cho, Fort Atkinson, Sue Casey, Kent Faulcon, Brenda Wehle, Lisa Cloud",1.1M
67,Dr. Insólito o: Como aprendí a dejar de preocuparme y amar la bomba,1964,8.3,Stanley Kubrick,1h 35m,"Comedy, War","Peter Sellers, George C. Scott, Sterling Hayden, Keenan Wynn, Slim Pickens, Peter Bull, James Earl Jones, Tracy Reed, Jack Creley, Frank Berry, Robert O'Neil, Glenn Beck, Roy Stephens, Shane Rimmer, Hal Galili, Paul Tamarin, Laurence Herder, Gordon Tanner",484K
68,Spider-Man: Un nuevo universo,2018,8.3,Bob Persichetti,1h 57m,"Animation, Action, Adventure","Shameik Moore, Jake Johnson, Hailee Steinfeld, Mahershala Ali, Brian Tyree Henry, Lily Tomlin, Luna Lauren Velez, Zoë Kravitz, John Mulaney, Kimiko Glenn, Nicolas Cage, Kathryn Hahn, Liev Schreiber, Chris Pine, Natalie Morales, Edwin R. Habacon, Oscar Isaac, Greta Lee",501K
69,Batman: El caballero de la noche asciende,2012,8.3,Christopher Nolan,2h 44m,"Action, Drama","Christian Bale, Tom Hardy, Anne Hathaway, Gary Oldman, Joseph Gordon-Levitt, Marion Cotillard, Morgan Freeman, Michael Caine, Matthew Modine, Alon Aboutboul, Ben Mendelsohn, Burn Gorman, Daniel Sunjata, Aidan Gillen, Sam Kennard, Aliash Tepina, Nestor Carbonell, Brett Cullen",1.7M
70,Oldboy: Cinco días para vengarse,2003,8.3,Park Chan-wook,2h,"Action, Drama, Mystery","Choi Min-sik, Yoo Ji-tae, Kang Hye-jeong, Kim Byeong-Ok, Dae-han Ji, Dal-su Oh, Seung-shin Lee, Jin-Seo Yoon, Tae-kyung Oh, Yoo Yeon-Seok, Il-han Oo, Young-hee Lee, Young-ae Kim, Mi Mi Lee, Jae-Duk Han, Jung Ae Kwak, San Kim, Chae-soo Jang",566K
71,Guasón,2019,8.3,Todd Phillips,2h 2m,"Crime, Drama, Thriller","Joaquin Phoenix, Robert De Niro, Zazie Beetz, Frances Conroy, Brett Cullen, Shea Whigham, Bill Camp, Glenn Fleshler, Leigh Gill, Josh Pais, Rocco Luna, Marc Maron, Sondra James, Murphy Guyer, Douglas Hodge, Dante Pereira-Olson, Carrie Louise Putrello, Sharon Washington",1.2M
72,Amadeus,1984,8.3,Milos Forman,2h 40m,"Biography, Drama, Music","F. Murray Abraham, Tom Hulce, Elizabeth Berridge, Roy Dotrice, Simon Callow, Christine Ebersole, Jeffrey Jones, Charles Kay, Kenneth McMillan, Kenny Baker, Lisbeth Bartlett, Barbara Bryne, Martin Cavina, Roderick Cook, Milan Demjanenko, Peter DiGesu, Richard Frank, Patrick Hines",396K
73,Corazón valiente,1995,8.3,Mel Gibson,2h 58m,"Biography, Drama, History","Mel Gibson, Sophie Marceau, Patrick McGoohan, Angus Macfadyen, James Robinson, Sean Lawlor, Sandy Nelson, James Cosmo, Sean McGinley, Alan Tall, Andrew Weir, Gerda Stevenson, Ralph Riach, Mhairi Calvey, Brian Cox, Peter Hanly, Stephen Billington, Barry McGovern",1M
74,Toy Story,1995,8.3,John Lasseter,1h 21m,"Animation, Adventure, Comedy","Tom Hanks, Tim Allen, Don Rickles, Jim Varney, Wallace Shawn, John Ratzenberger, Annie Potts, John Morris, Erik von Detten, Laurie Metcalf, R. Lee Ermey, Sarah Rayne, Penn Jillette, Jack Angel, Spencer Aste, Greg Berg, Lisa Bradley, Kendall Cunningham",973K
75,El barco,1981,8.3,Wolfgang Petersen,2h 29m,"Drama, War","Jürgen Prochnow, Herbert Grönemeyer, Klaus Wennemann, Hubertus Bengsch, Martin Semmelrogge, Bernd Tauber, Erwin Leder, Martin May, Heinz Hoenig, Uwe Ochsenknecht, Claude-Oliver Rudolph, Jan Fedder, Ralf Richter, Joachim Bernhard, Oliver Stritzel, Konrad Becker, Lutz Schnell, Martin Hemme",248K
76,Coco,2017,8.3,Lee Unkrich,1h 45m,"Animation, Adventure, Comedy","Anthony Gonzalez, Gael García Bernal, Benjamin Bratt, Alanna Ubach, Renee Victor, Jaime Camil, Alfonso Arau, Herbert Siguenza, Gabriel Iglesias, Lombardo Boyar, Ana Ofelia Murguía, Natalia Cordova-Buckley, Selene Luna, Edward James Olmos, Sofía Espinosa, Carla Medina, Dyana Ortelli, Luis Valdez",485K
77,Bastardos sin gloria,2009,8.3,Quentin Tarantino,2h 33m,"Adventure, Drama, War","Brad Pitt, Diane Kruger, Eli Roth, Mélanie Laurent, Christoph Waltz, Michael Fassbender, Daniel Brühl, Til Schweiger, Gedeon Burkhard, Jacky Ido, B.J. Novak, Omar Doom, August Diehl, Denis Ménochet, Sylvester Groth, Martin Wuttke, Mike Myers, Julie Dreyfus",1.4M
78,La princesa Mononoke,1997,8.3,Hayao Miyazaki,2h 14m,"Animation, Adventure, Fantasy","Yôji Matsuda, Yuriko Ishida, Yûko Tanaka, Billy Crudup, Billy Bob Thornton, Minnie Driver, John DiMaggio, Claire Danes, John DeMita, Jada Pinkett Smith, Gillian Anderson, Keith David, Corey Burton, Tara Strong, Julia Fletcher, Debi Derryberry, Alex Fernandez, Jack Fletcher",386K
79,Avengers: Endgame,2019,8.3,Anthony Russo,3h 1m,"Action, Adventure, Drama","Robert Downey Jr., Chris Evans, Mark Ruffalo, Chris Hemsworth, Scarlett Johansson, Jeremy Renner, Don Cheadle, Paul Rudd, Benedict Cumberbatch, Chadwick Boseman, Brie Larson, Tom Holland, Karen Gillan, Zoe Saldana, Evangeline Lilly, Tessa Thompson, Rene Russo, Elizabeth Olsen",1.1M
80,Érase una vez en América,1984,8.3,Sergio Leone,3h 49m,"Crime, Drama","Robert De Niro, James Woods, Elizabeth McGovern, Treat Williams, Tuesday Weld, Burt Young, Joe Pesci, Danny Aiello, William Forsythe, James Hayden, Darlanne Fluegel, Larry Rapp, Dutch Miller, Robert Harper, Richard Bright, Gerard Murphy, Amy Ryder, Olga Karlatos",346K
81,En busca del destino,1997,8.3,Gus Van Sant,2h 6m,"Drama, Romance","Robin Williams, Matt Damon, Ben Affleck, Stellan Skarsgård, John Mighton, Rachel Majorowski, Colleen McCauley, Casey Affleck, Cole Hauser, Matt Mercier, Ralph St. George, Rob Lynds, Dan Washington, Alison Folland, Derrick Bridgeman, Vik Sahay, Shannon Egleson, Rob Lyons",945K
82,Toy Story 3,2010,8.3,Lee Unkrich,1h 43m,"Animation, Adventure, Comedy","Tom Hanks, Tim Allen, Joan Cusack, Ned Beatty, Don Rickles, Michael Keaton, Wallace Shawn, John Ratzenberger, Estelle Harris, John Morris, Jodi Benson, Emily Ricks Hahn, Laurie Metcalf, Blake Clark, Teddy Newton, Bud Luckey, Bea Miller, Javier Fernández-Peña",821K
83,Réquiem para un sueño,2000,8.3,Darren Aronofsky,1h 42m,Drama,"Ellen Burstyn, Jared Leto, Jennifer Connelly, Marlon Wayans, Christopher McDonald, Louise Lasser, Marcia Jean Kurtz, Janet Sarno, Suzanne Shepherd, Joanne Gordon, Charlotte Aronofsky, Mark Margolis, Michael Kaycheck, Jack O'Connell, Chas Mastin, Ajay Naidu, Sean Gullette, Samia Shoaib",827K
84,Your Name.,2016,8.3,Makoto Shinkai,1h 46m,"Animation, Drama, Fantasy","Ryûnosuke Kamiki, Mone Kamishiraishi, Ryô Narita, Aoi Yûki, Nobunaga Shimazaki, Kaito Ishikawa, Kanon Tani, Masaki Terasoma, Sayaka Ôhara, Kazuhiko Inoue, Chafûrin, Kana Hanazawa, Yuka Terasaki, Takashi Onozuka, Yôhei Namekawa, Miyu Tsuji, Shin'ya Hamazoe, Kanami Satô",256K
85,Cantando en la lluvia,1952,8.3,Stanley Donen,1h 43m,"Comedy, Musical, Romance","Gene Kelly, Donald O'Connor, Debbie Reynolds, Jean Hagen, Millard Mitchell, Cyd Charisse, Douglas Fowley, Rita Moreno, Dawn Addams, John Albright, Betty Allen, Sue Allen, John Angelo, Marie Ardell, Bette Arlen, David Bair, Jimmy Bates, Mary Bayless",239K
86,3 idiotas,2009,8.3,Rajkumar Hirani,2h 50m,"Comedy, Drama","Aamir Khan, Madhavan, Mona Singh, Sharman Joshi, Kareena Kapoor, Boman Irani, Omi Vaidya, Olivier Lafont, Rahul Kumar, Parikshit Sahni, Farida Dadi, Amardeep Jha, Mukund Bhatt, Chaitali Bose, Jaaved Jaaferi, Jayant Kripalani, Arun Bali, Shoaib Ahmed",390K
87,El regreso del Jedi,1983,8.3,Richard Marquand,2h 11m,"Action, Adventure, Fantasy","Mark Hamill, Harrison Ford, Carrie Fisher, Billy Dee Williams, Anthony Daniels, Peter Mayhew, Sebastian Shaw, Ian McDiarmid, Frank Oz, James Earl Jones, David Prowse, Alec Guinness, Kenny Baker, Michael Pennington, Kenneth Colley, Michael Carter, Denis Lawson, Tim Rose",1M
88,2001: Odisea del espacio,1968,8.3,Stanley Kubrick,2h 29m,"Adventure, Sci-Fi","Keir Dullea, Gary Lockwood, William Sylvester, Daniel Richter, Leonard Rossiter, Margaret Tyzack, Robert Beatty, Sean Sullivan, Douglas Rain, Frank Miller, Bill Weston, Ed Bishop, Glenn Beck, Alan Gifford, Ann Gillis, Edwina Carroll, Penny Brahms, Heather Downham",656K
89,Eterno resplandor de una mente sin recuerdos,2004,8.3,Michel Gondry,1h 48m,"Drama, Romance, Sci-Fi","Jim Carrey, Kate Winslet, Tom Wilkinson, Gerry Robert Byrne, Elijah Wood, Thomas Jay Ryan, Mark Ruffalo, Jane Adams, David Cross, Kirsten Dunst, Ryan Whitney, Debbon Ayer, Amir Ali Said, Brian Price, Paulie Litt, Josh Flitter, Lola Daehler, Deirdre O'Connell",988K
90,Perros de la calle,1992,8.3,Quentin Tarantino,1h 39m,"Crime, Drama, Thriller","Harvey Keitel, Tim Roth, Michael Madsen, Chris Penn, Steve Buscemi, Lawrence Tierney, Randy Brooks, Kirk Baltz, Edward Bunker, Quentin Tarantino, Rich Turner, David Steen, Tony Cosmo, Stevo Polyi, Michael Sottile, Robert Ruth, Lawrence Bender, Linda Kaye",997K
91,El cielo y el infierno,1963,8.3,Akira Kurosawa,2h 23m,"Crime, Drama, Mystery","Toshirô Mifune, Yutaka Sada, Tatsuya Nakadai, Kyôko Kagawa, Tatsuya Mihashi, Isao Kimura, Kenjirô Ishiyama, Takeshi Katô, Takashi Shimura, Jun Tazaki, Nobuo Nakamura, Yûnosuke Itô, Tsutomu Yamazaki, Minoru Chiaki, Eijirô Tôno, Masao Shimizu, Masahiko Shimazu, Toshio Egi",44K
92,Cafarnaúm: La ciudad olvidada,2018,8.3,Nadine Labaki,2h 6m,Drama,"Zain Al Rafeea, Yordanos Shiferaw, Boluwatife Treasure Bankole, Kawsar Al Haddad, Fadi Yousef, Cedra Izzam, Alaa Chouchnieh, Elias Khoury, Mohammad Al Abdallah, Mohamad Abdellatif, Abdo Abdo, Hampig Abraham, Jamil Ahmad, Mohamad Akkar, Elias Akobegia, Riman Al Rafeea, Legamett Alamou, Majd Nabil Alhalabi",86K
93,El ciudadano,1941,8.3,Orson Welles,1h 59m,"Drama, Mystery","Orson Welles, Joseph Cotten, Dorothy Comingore, Agnes Moorehead, Ruth Warrick, Ray Collins, Erskine Sanford, Everett Sloane, William Alland, Paul Stewart, George Coulouris, Fortunio Bonanova, Gus Schilling, Philip Van Zandt, Georgia Backus, Harry Shannon, Sonny Bupp, Buddy Swan",437K
94,Lawrence de Arabia,1962,8.3,David Lean,3h 38m,"Adventure, Biography, Drama","Peter O'Toole, Alec Guinness, Anthony Quinn, Jack Hawkins, Omar Sharif, José Ferrer, Anthony Quayle, Claude Rains, Arthur Kennedy, Donald Wolfit, I.S. Johar, Gamil Ratib, Michel Ray, John Dimech, Zia Mohyeddin, Howard Marion-Crawford, Jack Gwillim, Hugh Miller",290K
95,La cacería,2012,8.3,Thomas Vinterberg,1h 55m,Drama,"Mads Mikkelsen, Thomas Bo Larsen, Annika Wedderkopp, Lasse Fogelstrøm, Susse Wold, Anne Louise Hassing, Lars Ranthe, Alexandra Rapaport, Sebastian Bull Sarning, Steen Ordell Guldbrand Jensen, Daniel Engstrup, Troels Thorsen, Søren Rønholt, Hana Shuan, Jytte Kvinesdal, Josefine Gråbøl, Bjarne Henriksen, Nicolai Dahl Hamilton",323K
96,El vampiro negro,1931,8.3,Fritz Lang,1h 57m,"Crime, Mystery, Thriller","Peter Lorre, Ellen Widmann, Inge Landgut, Otto Wernicke, Theodor Loos, Gustaf Gründgens, Friedrich Gnaß, Fritz Odemar, Paul Kemp, Theo Lingen, Rudolf Blümner, Georg John, Franz Stein, Ernst Stahl-Nachbaur, Gerhard Bienert, Karl Platen, Rosa Valetti, Hertha von Walther",156K
97,Intriga internacional,1959,8.3,Alfred Hitchcock,2h 16m,"Action, Adventure, Mystery","Cary Grant, Eva Marie Saint, James Mason, Jessie Royce Landis, Leo G. Carroll, Josephine Hutchinson, Philip Ober, Martin Landau, Adam Williams, Edward Platt, Robert Ellenstein, Les Tremayne, Philip Coolidge, Patrick McVey, Edward Binns, Ken Lynch, Stanley Adams, John Alban",324K
98,Vértigo,1958,8.2,Alfred Hitchcock,2h 8m,"Mystery, Romance, Thriller","James Stewart, Kim Novak, Barbara Bel Geddes, Tom Helmore, Henry Jones, Raymond Bailey, Ellen Corby, Konstantin Shayne, Lee Patrick, David Ahdar, Isabel Analla, Jack Ano, Margaret Bacon, John Benson, Danny Borzage, Margaret Brayton, Paul Bryar, Boyd Cabeen",397K
99,Amelie,2001,8.2,Jean-Pierre Jeunet,2h 2m,"Comedy, Romance","Audrey Tautou, Mathieu Kassovitz, Rufus, Lorella Cravotta, Serge Merlin, Jamel Debbouze, Clotilde Mollet, Claire Maurier, Isabelle Nanty, Dominique Pinon, Artus de Penguern, Yolande Moreau, Urbain Cancelier, Maurice Bénichou, Michel Robin, Andrée Damant, Claude Perron, Armelle",747K
100,Masacre: Venga y vea...,1985,8.2,Elem Klimov,2h 22m,"Drama, Thriller, War","Aleksey Kravchenko, Olga Mironova, Liubomiras Laucevicius, Vladas Bagdonas, Jüri Lumiste, Viktors Lorencs, Kazimir Rabetsky, Evgeniy Tilicheev, G. Velts, V. Vasilyev, Aleksandr Berda, Vasiliy Domrachyov, Nina Evdokimova, Igor Gnevashev, Adolf Hitler, Valery Kravchenko, Evgeniy Kryzhanovskiy, N. Lisichenok",76K
101,La naranja mecánica,1971,8.2,Stanley Kubrick,2h 16m,"Crime, Sci-Fi","Malcolm McDowell, Patrick Magee, Michael Bates, Warren Clarke, John Clive, Adrienne Corri, Carl Duering, Paul Farrell, Clive Francis, Michael Gover, Miriam Karlin, James Marcus, Aubrey Morris, Godfrey Quigley, Sheila Raynor, Madge Ryan, John Savident, Anthony Sharp",815K
102,Nacido para matar,1987,8.2,Stanley Kubrick,1h 56m,"Drama, War","Matthew Modine, R. Lee Ermey, Vincent D'Onofrio, Adam Baldwin, Dorian Harewood, Kevyn Major Howard, Arliss Howard, Ed O'Ross, John Terry, Kieron Jecchinis, Kirk Taylor, Tim Colceri, Jon Stafford, Bruce Boa, Ian Tyler, Sal Lopez, Gary Landon Mills, Papillon Soo",729K
103,Pacto de sangre,1944,8.2,Billy Wilder,1h 50m,"Crime, Drama, Film-Noir","Fred MacMurray, Barbara Stanwyck, Edward G. Robinson, Byron Barr, Porter Hall, Jean Heather, Tom Powers, Richard Gaines, Fortunio Bonanova, John Philliber, Lev Abramov, James Adamson, John Berry, Raymond Chandler, Edmund Cobb, Kernan Cripps, Betty Farrington, Bess Flowers",155K
104,Piso de soltero,1960,8.2,Billy Wilder,2h 5m,"Comedy, Drama, Romance","Jack Lemmon, Shirley MacLaine, Fred MacMurray, Ray Walston, Jack Kruschen, David Lewis, Hope Holiday, Joan Shawlee, Naomi Stevens, Johnny Seven, Joyce Jameson, Willard Waterman, David White, Edie Adams, Dorothy Abbott, Bill Baldwin, Paul Bradley, Benny Burt",179K
105,Caracortada,1983,8.2,Brian De Palma,2h 50m,"Crime, Drama","Al Pacino, Michelle Pfeiffer, Steven Bauer, Mary Elizabeth Mastrantonio, Robert Loggia, Miriam Colon, F. Murray Abraham, Paul Shenar, Harris Yulin, Ángel Salazar, Arnaldo Santana, Pepe Serna, Michael P. Moran, Al Israel, Dennis Holahan, Mark Margolis, Michael Alldredge, Ted Beniades",818K
106,Vivir,1952,8.2,Akira Kurosawa,2h 23m,Drama,"Takashi Shimura, Nobuo Kaneko, Shin'ichi Himori, Haruo Tanaka, Minoru Chiaki, Miki Odagiri, Bokuzen Hidari, Minosuke Yamada, Kamatari Fujiwara, Makoto Kobori, Nobuo Nakamura, Atsushi Watanabe, Isao Kimura, Masao Shimizu, Yûnosuke Itô, Kumeko Urabe, Eiko Miyoshi, Noriko Honma",77K
107,El golpe,1973,8.2,George Roy Hill,2h 9m,"Comedy, Crime, Drama","Paul Newman, Robert Redford, Robert Shaw, Charles Durning, Ray Walston, Eileen Brennan, Harold Gould, John Heffernan, Dana Elcar, Jack Kehoe, Dimitra Arliss, Robert Earl Jones, James Sloyan, Charles Dierkop, Lee Paul, Sally Kirkland, Avon Long, Arch Johnson",259K
108,Matar a un ruiseñor,1962,8.2,Robert Mulligan,2h 9m,"Crime, Drama","Gregory Peck, John Megna, Frank Overton, Rosemary Murphy, Ruth White, Brock Peters, Estelle Evans, Paul Fix, Collin Wilcox Paxton, James Anderson, Alice Ghostley, Robert Duvall, William Windom, Crahan Denton, Richard Hale, Mary Badham, Phillip Alford, R.L. Armstrong",313K
109,Taxi Driver,1976,8.2,Martin Scorsese,1h 54m,"Crime, Drama","Robert De Niro, Jodie Foster, Cybill Shepherd, Albert Brooks, Diahnne Abbott, Frank Adu, Victor Argo, Gino Ardito, Garth Avery, Peter Boyle, Harry Cohn, Copper Cunningham, Brenda Dickson, Harry Fischler, Nat Grant, Leonard Harris, Richard Higgs, Beau Kayser",807K
110,Up - Una aventura de altura,2009,8.2,Pete Docter,1h 36m,"Animation, Adventure, Comedy","Edward Asner, Jordan Nagai, John Ratzenberger, Christopher Plummer, Bob Peterson, Delroy Lindo, Jerome Ranft, David Kaye, Elie Docter, Jeremy Leary, Mickie McGowan, Danny Mann, Donald Fullilove, Jess Harnell, Josh Cooley, Pete Docter, Mark Andrews, Bob Bergen",1M
111,Los Ángeles al desnudo,1997,8.2,Curtis Hanson,2h 18m,"Crime, Drama, Mystery","Kevin Spacey, Russell Crowe, Guy Pearce, Kim Basinger, James Cromwell, Danny DeVito, David Strathairn, Ron Rifkin, Matt McCoy, Paul Guilfoyle, Paolo Seganti, Elisabeth Granli, Sandra Taylor, Steve Rankin, Graham Beckel, Allan Graf, Precious Chong, Symba",575K
112,Fuego contra fuego,1995,8.2,Michael Mann,2h 50m,"Action, Crime, Drama","Al Pacino, Robert De Niro, Val Kilmer, Jon Voight, Tom Sizemore, Diane Venora, Amy Brenneman, Ashley Judd, Mykelti Williamson, Wes Studi, Ted Levine, Dennis Haysbert, William Fichtner, Natalie Portman, Tom Noonan, Kevin Gage, Hank Azaria, Susan Traylor",640K
113,Metrópolis,1927,8.2,Fritz Lang,2h 33m,"Drama, Sci-Fi","Brigitte Helm, Alfred Abel, Gustav Fröhlich, Rudolf Klein-Rogge, Fritz Rasp, Theodor Loos, Erwin Biswanger, Heinrich George, Fritz Alberti, Grete Berger, Olly Boeheim, Max Dietze, Ellen Frey, Beatrice Garga, Heinrich Gotho, Dolly Grey, Anny Hintze, Gottfried Huppertz",172K
114,La separación,2011,8.2,Asghar Farhadi,2h 3m,Drama,"Payman Maadi, Leila Hatami, Sareh Bayat, Shahab Hosseini, Sarina Farhadi, Merila Zare'i, Ali-Asghar Shahbazi, Babak Karimi, Kimia Hosseini, Shirin Yazdanbakhsh, Sohibanoo Zolqadr, Mohammadhasan Asghari, Shirin Azimiyannezhad, Hamid Dadju, Mohammad Ebrahimian, Samad Farhang, Ali Fattahi, Nafise Ghodrati",243K
115,Duro de matar,1988,8.2,John McTiernan,2h 12m,"Action, Thriller","Bruce Willis, Alan Rickman, Bonnie Bedelia, Reginald VelJohnson, Paul Gleason, De'voreaux White, William Atherton, Hart Bochner, James Shigeta, Alexander Godunov, Bruno Doyon, Andreas Wisniewski, Clarence Gilyard Jr., Joey Plewa, Lorenzo Caccialanza, Gérard Bonn, Dennis Hayden, Al Leong",862K
116,Incendies,2010,8.2,Denis Villeneuve,2h 11m,"Drama, Mystery","Lubna Azabal, Mélissa Désormeaux-Poulin, Maxim Gaudette, Mustafa Kamel, Hussein Sami, Rémy Girard, Dominique Briand, Frédéric Paquet, Hamed Najem, Ahmad Massad, Bader Alami, Majida Hussein, Asriah Nijres, John Dunn-Hill, Nadia Essadiqi, Chaouki Charbel, Axel Garbi, Amine Benzenine",174K
117,Snatch: Cerdos y diamantes,2000,8.2,Guy Ritchie,1h 44m,"Comedy, Crime","Jason Statham, Brad Pitt, Stephen Graham, Vinnie Jones, Ade, William Beck, Andy Beckwith, Ewen Bremner, Jason Buckham, Mickey Cantwell, Nicola Collins, Teena Collins, Charles Cork, James Cunningham, Sorcha Cusack, Mickey Dee, Benicio Del Toro, Sam Douglas",842K
118,Hamilton,2020,8.2,Thomas Kail,2h 40m,"Biography, Drama, History","Lin-Manuel Miranda, Phillipa Soo, Leslie Odom Jr., Renée Elise Goldsberry, Daveed Diggs, Jonathan Groff, Chris Jackson, Jasmine Cephas Jones, Okieriete Onaodowan, Anthony Ramos, Carleigh Bettiol, Ariana DeBose, Hope Easterbrook, Sydney James Harcourt, Sasha Hutchings, Thayne Jasperson, Elizabeth Judd, Jon Rua",90K
119,Ladrones de bicicletas,1948,8.2,Vittorio De Sica,1h 29m,Drama,"Lamberto Maggiorani, Enzo Staiola, Lianella Carell, Elena Altieri, Gino Saltamerenda, Giulio Chiari, Vittorio Antonucci, Michele Sakara, Fausto Guerzoni, Emma Druetti, Carlo Jachino, Giulio Battiferri, Ida Bracci Dorati, Nando Bruno, Eolo Capritti, Memmo Carotenuto, Giovanni Corporale, Veriano Ginesi",162K
120,Indiana Jones y la última cruzada,1989,8.2,Steven Spielberg,2h 7m,"Action, Adventure","Harrison Ford, Sean Connery, Alison Doody, Denholm Elliott, John Rhys-Davies, Julian Glover, River Phoenix, Michael Byrne, Kevork Malikyan, Robert Eddison, Richard Young, Alexei Sayle, Alex Hyde-White, Paul Maxwell, Isla Blair, Vernon Dobtcheff, J.J. Hardy, Bradley Gregg",743K
121,1917,2019,8.2,Sam Mendes,1h 59m,"Action, Drama, War","Dean-Charles Chapman, George MacKay, Daniel Mays, Colin Firth, Pip Carter, Andy Apollo, Paul Tinto, Josef Davies, Billy Postlethwaite, Gabriel Akuwudike, Andrew Scott, Spike Leighton, Robert Maaser, Gerran Howell, Adam Hugill, Mark Strong, Richard McCabe, Benjamin Adams",560K
122,Taare Zameen Par,2007,8.2,Aamir Khan,2h 45m,"Drama, Family","Darsheel Safary, Aamir Khan, Tisca Chopra, Vipin Sharma, Sachet Engineer, Tanay Chheda, Lalitha Lajmi, Girija Oak, Ravi Khanvilkar, Pratima Kulkarni, Meghna Malik, Sonali Sachdev, Sanjay Dadhich, Rajgopal Iyer, Bugs Bhargava Krishna, Shankar Sachdev, M.K. Raina, Gurkirtan",190K
123,La caída,2004,8.2,Oliver Hirschbiegel,2h 36m,"Biography, Drama, History","Bruno Ganz, Alexandra Maria Lara, Ulrich Matthes, Juliane Köhler, Corinna Harfouch, Heino Ferch, Christian Berkel, Matthias Habich, Thomas Kretschmann, Michael Mendl, André Hennicke, Ulrich Noethen, Birgit Minichmayr, Rolf Kanies, Justus von Dohnányi, Dieter Mann, Christian Redl, Götz Otto",352K
124,Por unos dólares más,1965,8.2,Sergio Leone,2h 12m,Western,"Clint Eastwood, Lee Van Cleef, Gian Maria Volontè, Mara Krupp, Luigi Pistilli, Klaus Kinski, Luis Rodríguez, Benito Stefanelli, Panos Papadopulos, Aldo Sambrell, Roberto Camardiel, Joseph Egger, Tomás Blanco, Lorenzo Robledo, Dante Maggio, Sergio Mendizábal, Diana Rabito, Giovanni Tarallo",253K
125,Batman inicia,2005,8.2,Christopher Nolan,2h 20m,"Action, Crime, Drama","Christian Bale, Michael Caine, Ken Watanabe, Liam Neeson, Katie Holmes, Gary Oldman, Cillian Murphy, Tom Wilkinson, Rutger Hauer, Mark Boone Junior, Linus Roache, Morgan Freeman, Larry Holden, Gerard Murphy, Colin McFarlane, Sara Stewart, Gus Lewis, Richard Brake",1.4M
126,Spider-Man: Sin camino a casa,2021,8.2,Jon Watts,2h 28m,"Action, Adventure, Fantasy","Tom Holland, Zendaya, Benedict Cumberbatch, Jacob Batalon, Jon Favreau, Jamie Foxx, Willem Dafoe, Alfred Molina, Benedict Wong, Tony Revolori, Marisa Tomei, Andrew Garfield, Tobey Maguire, Angourie Rice, Arian Moayed, Paula Newsome, Hannibal Buress, Martin Starr",676K
127,Dangal,2016,8.2,Nitesh Tiwari,2h 41m,"Action, Biography, Drama","Aamir Khan, Sakshi Tanwar, Fatima Sana Shaikh, Sanya Malhotra, Aparshakti Khurana, Zaira Wasim, Suhani Bhatnagar, Ritvik Sahore, Girish Kulkarni, Ravi Aneja, Anurag Arora, Mahesh Balraj, Vivan Bhatena, Anmol Charan, Karamveer Choudhary, Ishika Gagneja, Badrul Islam, Jagbir",185K
128,El Pibe,1921,8.2,Charles Chaplin,1h 8m,"Comedy, Drama, Family","Charles Chaplin, Edna Purviance, Jackie Coogan, Carl Miller, Albert Austin, Beulah Bains, Nellie Bly Baker, Henry Bergman, Edward Biby, B.F. Blinn, Kitty Bradbury, Frank Campeau, Bliss Chevalier, Frances Cochran, Elsie Codd, Jack Coogan Sr., Estelle Cook, Lillian Crane",125K
129,Una Eva y dos Adanes,1959,8.2,Billy Wilder,2h 1m,"Comedy, Music, Romance","Marilyn Monroe, Tony Curtis, Jack Lemmon, George Raft, Pat O'Brien, Joe E. Brown, Nehemiah Persoff, Joan Shawlee, Billy Gray, George E. Stone, Dave Barry, Mike Mazurki, Harry Wilson, Beverly Wills, Barbara Drew, Edward G. Robinson Jr., Sam Bagley, Brandon Beach",264K
130,La malvada,1950,8.2,Joseph L. Mankiewicz,2h 18m,Drama,"Bette Davis, Anne Baxter, George Sanders, Celeste Holm, Gary Merrill, Hugh Marlowe, Gregory Ratoff, Barbara Bates, Marilyn Monroe, Thelma Ritter, Walter Hampden, Randy Stuart, Craig Hill, Leland Harris, Barbara White, Eddie Fisher, William Pullen, Claude Stroud",130K
131,El padre,2020,8.2,Florian Zeller,1h 37m,"Drama, Mystery","Anthony Hopkins, Olivia Colman, Mark Gatiss, Olivia Williams, Imogen Poots, Rufus Sewell, Ayesha Dharker, Roman Zeller, Adnan Kundi, Brian Rodger, Romulus Stoicescu, Evie Wray",140K
132,Green Book: Una amistad sin fronteras,2018,8.2,Peter Farrelly,2h 10m,"Biography, Comedy, Drama","Viggo Mortensen, Mahershala Ali, Linda Cardellini, Sebastian Maniscalco, Dimiter D. Marinov, Mike Hatton, P.J. Byrne, Joe Cortese, Maggie Nixon, Von Lewis, Jon Sortland, Don Stark, Anthony Mangano, Paul Sloan, Quinn Duffy, Seth Hurwitz, Hudson Galloway, Gavin Lyle Foley",471K
133,El lobo de Wall Street,2013,8.2,Martin Scorsese,3h,"Biography, Comedy, Crime","Leonardo DiCaprio, Jonah Hill, Margot Robbie, Matthew McConaughey, Kyle Chandler, Rob Reiner, Jon Bernthal, Jon Favreau, Jean Dujardin, Joanna Lumley, Cristin Milioti, Christine Ebersole, Shea Whigham, Katarina Cas, P.J. Byrne, Kenneth Choi, Brian Sacca, Henry Zebrowski",1.4M
134,Juicio en Nuremberg,1961,8.2,Stanley Kramer,2h 59m,"Drama, War","Spencer Tracy, Burt Lancaster, Richard Widmark, Marlene Dietrich, Maximilian Schell, Judy Garland, Montgomery Clift, William Shatner, Werner Klemperer, Kenneth MacKenna, Torben Meyer, Joseph Bernard, Alan Baxter, Edward Binns, Virginia Christine, Otto Waldis, Karl Swenson, Martin Brandt",77K
135,Ran,1985,8.2,Akira Kurosawa,2h 42m,"Action, Drama, War","Tatsuya Nakadai, Akira Terao, Jinpachi Nezu, Daisuke Ryû, Mieko Harada, Yoshiko Miyazaki, Hisashi Igawa, Pîtâ, Masayuki Yui, Kazuo Katô, Norio Matsui, Toshiya Ito, Kenji Kodama, Takashi Watanabe, Mansai Nomura, Takeshi Katô, Jun Tazaki, Hitoshi Ueki",124K
136,Los imperdonables,1992,8.2,Clint Eastwood,2h 10m,"Drama, Western","Clint Eastwood, Gene Hackman, Morgan Freeman, Richard Harris, Jaimz Woolvett, Saul Rubinek, Frances Fisher, Anna Thomson, David Mucci, Rob Campbell, Anthony James, Tara Frederick, Beverley Elliott, Liisa Repo-Martell, Josie Smith, Shane Meier, Aline Levasseur, Cherrilene Cardinal",406K
137,Casino,1995,8.2,Martin Scorsese,2h 58m,"Crime, Drama","Robert De Niro, Sharon Stone, Joe Pesci, James Woods, Don Rickles, Alan King, Kevin Pollak, L.Q. Jones, Dick Smothers, Frank Vincent, John Bloom, Pasquale Cajano, Melissa Prophet, Bill Allison, Vinny Vella, Philip Suriano, Erika von Tagen, Frankie Avalon",510K
138,El Laberinto del Fauno,2006,8.2,Guillermo del Toro,1h 58m,"Drama, Fantasy, War","Ivana Baquero, Ariadna Gil, Sergi López, Maribel Verdú, Doug Jones, Álex Angulo, Manolo Solo, César Vea, Roger Casamajor, Ivan Massagué, Gonzalo Uriarte, Eusebio Lázaro, Francisco Vidal, Juanjo Cucalón, Lina Mira, Mario Zorrilla, Sebastián Haro, Mila Espiga",660K
139,Petróleo sangriento,2007,8.2,Paul Thomas Anderson,2h 38m,Drama,"Daniel Day-Lewis, Paul Dano, Ciarán Hinds, Martin Stringer, Matthew Braden Stringer, Jacob Stringer, Joseph Mussey, Barry Del Sherman, Harrison Taylor, Stockton Taylor, Paul F. Tompkins, Dillon Freasier, Kevin Breznahan, Jim Meskimen, Erica Sullivan, Randall Carver, Coco Leigh, Sydney McCallister",575K
140,Sexto sentido,1999,8.2,M. Night Shyamalan,1h 47m,"Drama, Mystery, Thriller","Bruce Willis, Haley Joel Osment, Toni Collette, Olivia Williams, Trevor Morgan, Donnie Wahlberg, Peter Anthony Tambakis, Jeffrey Zubernis, Bruce Norris, Glenn Fitzgerald, Greg Wood, Mischa Barton, Angelica Page, Lisa Summerour, Firdous Bamji, Samia Shoaib, Hayden Saunier, Janis Dardaris",975K
141,Una mente brillante,2001,8.2,Ron Howard,2h 15m,"Biography, Drama","Russell Crowe, Ed Harris, Jennifer Connelly, Christopher Plummer, Paul Bettany, Adam Goldberg, Josh Lucas, Anthony Rapp, Jason Gray-Stanford, Judd Hirsch, Austin Pendleton, Vivien Cardone, Jillie Simon, Victor Steinbach, Tanya Clarke, Thomas F. Walsh, Jesse Doran, Kent Cassella",917K
142,The Truman Show,1998,8.2,Peter Weir,1h 43m,"Comedy, Drama","Jim Carrey, Ed Harris, Laura Linney, Noah Emmerich, Natascha McElhone, Holland Taylor, Brian Delate, Blair Slater, Peter Krause, Heidi Schanz, Ron Taylor, Don Taylor, Ted Raymond, Judy Clayton, Fritz Dominique, Angel Schmiedt, Nastassja Schmiedt, Muriel Moore",1M
143,Los caballeros de la mesa cuadrada,1975,8.2,Terry Gilliam,1h 31m,"Adventure, Comedy, Fantasy","Graham Chapman, John Cleese, Eric Idle, Terry Gilliam, Terry Jones, Michael Palin, Connie Booth, Carol Cleveland, Neil Innes, Bee Duffell, John Young, Rita Davies, Avril Stewart, Sally Kinghorn, Mark Zycon, Elspeth Cameron, Mitsuko Forstater, Sandy Johnson",535K
144,Yojimbo - El guardaespaldas,1961,8.2,Akira Kurosawa,1h 50m,"Action, Drama, Thriller","Toshirô Mifune, Eijirô Tôno, Tatsuya Nakadai, Yôko Tsukasa, Isuzu Yamada, Daisuke Katô, Seizaburô Kawazu, Takashi Shimura, Hiroshi Tachikawa, Yôsuke Natsuki, Kamatari Fujiwara, Ikio Sawamura, Atsushi Watanabe, Susumu Fujita, Kyû Sazanka, Kô Nishimura, Takeshi Katô, Ichirô Nakatani",122K
145,El tesoro de la Sierra Madre,1948,8.1,John Huston,2h 6m,"Adventure, Drama, Western","Humphrey Bogart, Walter Huston, Tim Holt, Bruce Bennett, Barton MacLane, Alfonso Bedoya, Arturo Soto Rangel, Manuel Dondé, José Torvay, Margarito Luna, Robert Blake, Guillermo Calles, Roberto Cañedo, Spencer Chan, Jacqueline Dalya, Ralph Dunn, Ernesto Escoto, Pat Flaherty",124K
146,La isla siniestra,2010,8.1,Martin Scorsese,2h 18m,"Mystery, Thriller","Leonardo DiCaprio, Emily Mortimer, Mark Ruffalo, Ben Kingsley, Max von Sydow, Michelle Williams, Patricia Clarkson, Jackie Earle Haley, Ted Levine, John Carroll Lynch, Elias Koteas, Robin Bartlett, Christopher Denham, Nellie Sciutto, Joseph Sikora, Curtiss Cook, Raymond Anthony Thomas, Joseph McKenna",1.3M
147,Rashomon,1950,8.1,Akira Kurosawa,1h 28m,"Crime, Drama, Mystery","Toshirô Mifune, Machiko Kyô, Masayuki Mori, Takashi Shimura, Minoru Chiaki, Kichijirô Ueda, Noriko Honma, Daisuke Katô",166K
148,El gran escape,1963,8.1,John Sturges,2h 52m,"Adventure, Drama, History","Steve McQueen, James Garner, Richard Attenborough, Charles Bronson, James Donald, Donald Pleasence, James Coburn, Hannes Messemer, David McCallum, Gordon Jackson, John Leyton, Angus Lennie, Nigel Stock, Robert Graf, Jud Taylor, Hans Reiser, Harry Riebauer, William Russell",242K
149,Jurassic Park,1993,8.1,Steven Spielberg,2h 7m,"Action, Adventure, Sci-Fi","Sam Neill, Laura Dern, Jeff Goldblum, Richard Attenborough, Bob Peck, Martin Ferrero, BD Wong, Joseph Mazzello, Ariana Richards, Samuel L. Jackson, Wayne Knight, Gerald R. Molen, Miguel Sandoval, Cameron Thor, Christopher John Fields, Whit Hertford, Dean Cundey, Jophery C. Brown",965K
150,Todo en todas partes al mismo tiempo,2022,8.1,Dan Kwan,2h 19m,"Action, Adventure, Comedy","Michelle Yeoh, Stephanie Hsu, Ke Huy Quan, James Hong, Jamie Lee Curtis, Tallie Medel, Jenny Slate, Harry Shum Jr., Randy Newman, Biff Wiff, Sunita Mani, Aaron Lazar, Brian Le, Andy Le, Narayana Cabral, Chelsey Goldsmith, Craig Henningsen, Anthony Molinari",145K
151,"Kill Bill, la venganza: Volumen I",2003,8.1,Quentin Tarantino,1h 51m,"Action, Crime, Drama","Uma Thurman, David Carradine, Daryl Hannah, Michael Madsen, Lucy Liu, Vivica A. Fox, Julie Dreyfus, Chiaki Kuriyama, Shin'ichi Chiba, Chia-Hui Liu, Michael Parks, Michael Bowen, Jun Kunimura, Kenji Ohba, Yuki Kazamatsuri, James Parks, Sakichi Sato, Jonathan Loughran",1.1M
152,Sin lugar para los débiles,2007,8.1,Ethan Coen,2h 2m,"Crime, Drama, Thriller","Tommy Lee Jones, Javier Bardem, Josh Brolin, Woody Harrelson, Kelly Macdonald, Garret Dillahunt, Tess Harper, Barry Corbin, Stephen Root, Rodger Boyce, Beth Grant, Ana Reeder, Kit Gwin, Zach Hopkins, Chip Love, Eduardo Antonio Garcia, Gene Jones, Myk Watford",949K
153,Buscando a Nemo,2003,8.1,Andrew Stanton,1h 40m,"Animation, Adventure, Comedy","Albert Brooks, Ellen DeGeneres, Alexander Gould, Willem Dafoe, Brad Garrett, Allison Janney, Austin Pendleton, Stephen Root, Vicki Lewis, Joe Ranft, Geoffrey Rush, Andrew Stanton, Elizabeth Perkins, Nicholas Bird, Bob Peterson, Barry Humphries, Eric Bana, Bruce Spence",1M
154,El hombre elefante,1980,8.1,David Lynch,2h 4m,"Biography, Drama","Anthony Hopkins, John Hurt, Anne Bancroft, John Gielgud, Wendy Hiller, Freddie Jones, Michael Elphick, Hannah Gordon, Helen Ryan, John Standing, Dexter Fletcher, Lesley Dunlop, Phoebe Nicholls, Pat Gorman, Claire Davenport, Orla Pederson, Patsy Smart, Frederick Treves",238K
155,Barrio Chino,1974,8.1,Roman Polanski,2h 10m,"Drama, Mystery, Thriller","Jack Nicholson, Faye Dunaway, John Huston, Perry Lopez, John Hillerman, Darrell Zwerling, Diane Ladd, Roy Jenson, Roman Polanski, Richard Bakalyan, Joe Mantell, Bruce Glover, Nandu Hinds, James O'Rear, James Hong, Beulah Quo, Jerry Fujikawa, Belinda Palmer",322K
156,Toro salvaje,1980,8.1,Martin Scorsese,2h 9m,"Biography, Drama, Sport","Robert De Niro, Cathy Moriarty, Joe Pesci, Frank Vincent, Nicholas Colasanto, Theresa Saldana, Mario Gallo, Frank Adonis, Joseph Bono, Frank Topham, Lori Anne Flax, Charles Scorsese, Don Dunphy, Bill Hanrahan, Rita Bennett, James V. Christy, Bernie Allen, Floyd Anderson",348K
157,Lo que el viento se llevó,1939,8.1,Victor Fleming,3h 58m,"Drama, Romance, War","Clark Gable, Vivien Leigh, Thomas Mitchell, Barbara O'Neil, Evelyn Keyes, Ann Rutherford, George Reeves, Fred Crane, Hattie McDaniel, Oscar Polk, Butterfly McQueen, Victor Jory, Everett Brown, Howard Hickman, Alicia Rhett, Leslie Howard, Olivia de Havilland, Rand Brooks",312K
158,V de venganza,2006,8.1,James McTeigue,2h 12m,"Action, Drama, Sci-Fi","Hugo Weaving, Natalie Portman, Rupert Graves, Stephen Rea, Stephen Fry, John Hurt, Tim Pigott-Smith, Roger Allam, Ben Miles, Sinéad Cusack, Natasha Wightman, John Standing, Eddie Marsan, Clive Ashborn, Emma Field-Rayner, Ian Burfield, Mark Phoenix, Alister Mazzotti",1.1M
159,El enigma de otro mundo,1982,8.1,John Carpenter,1h 49m,"Horror, Mystery, Sci-Fi","Kurt Russell, Wilford Brimley, Keith David, Richard Masur, T.K. Carter, David Clennon, Richard Dysart, Charles Hallahan, Peter Maloney, Donald Moffat, Joel Polis, Thomas G. Waites, Norbert Weisser, Larry Franco, Nate Irwin, William Zeman, Adrienne Barbeau, John Carpenter",414K
160,Intensa Mente,2015,8.1,Pete Docter,1h 35m,"Animation, Adventure, Comedy","Amy Poehler, Bill Hader, Lewis Black, Mindy Kaling, Phyllis Smith, Richard Kind, Kaitlyn Dias, Diane Lane, Kyle MacLachlan, Paula Poundstone, Bobby Moynihan, Paula Pell, Dave Goelz, Frank Oz, Josh Cooley, Flea, John Ratzenberger, Carlos Alazraqui",695K
161,"Juegos, trampas y dos armas humeantes",1998,8.1,Guy Ritchie,1h 47m,"Action, Comedy, Crime","Jason Flemyng, Dexter Fletcher, Nick Moran, Jason Statham, Steven Mackintosh, Nicholas Rowe, Nick Marcq, Charles Forbes, Vinnie Jones, Lenny McLean, Peter McNicholl, P.H. Moriarty, Frank Harper, Steve Sweeney, Huggy Leaver, Ronnie Fox, Tony McMahon, Stephen Marcus",574K
162,La llamada fatal (Crimen perfecto),1954,8.1,Alfred Hitchcock,1h 45m,"Crime, Thriller","Ray Milland, Grace Kelly, Robert Cummings, John Williams, Anthony Dawson, Leo Britt, Patrick Allen, George Leigh, George Alderson, Robin Hughes, Richard Bender, Robin Sanders Clark, Jack Cunningham, Robert Dobson, Guy Doleman, Bess Flowers, Robert Garvin, Herschel Graham",174K
163,El secreto de sus ojos,2009,8.1,Juan José Campanella,2h 9m,"Drama, Mystery, Romance","Ricardo Darín, Soledad Villamil, Pablo Rago, Carla Quevedo, Javier Godino, Bárbara Palladino, Rudy Romano, Alejandro Abelenda, Mario Alarcón, Guillermo Francella, Sebastián Blanco, Mariano Argento, José Luis Gioia, Juan José Ortíz, Kiko Cerone, Fernando Pardo, Maximiliano Trento, Sergio López Santana",208K
164,El puente sobre el río Kwai,1957,8.1,David Lean,2h 41m,"Adventure, Drama, War","William Holden, Alec Guinness, Jack Hawkins, Sessue Hayakawa, James Donald, Geoffrey Horne, André Morell, Peter Williams, John Boxer, Percy Herbert, Harold Goodwin, Ann Sears, Heihachirô Ôkawa, Keiichirô Katsumoto, M.R.B. Chakrabandhu, Vilaiwan Seeboonreaung, Ngamta Suphaphongs, Javanart Punynchoti",218K
165,El increíble castillo vagabundo,2004,8.1,Hayao Miyazaki,1h 59m,"Animation, Adventure, Family","Chieko Baishô, Takuya Kimura, Tatsuya Gashûin, Akihiro Miwa, Ryûnosuke Kamiki, Mitsunori Isaki, Yô Ôizumi, Akio Ôtsuka, Daijirô Harada, Haruko Katô, Jean Simmons, Christian Bale, Lauren Bacall, Blythe Danner, Emily Mortimer, Josh Hutcherson, Billy Crystal, Jena Malone",384K
166,3 anuncios por un crimen,2017,8.1,Martin McDonagh,1h 55m,"Comedy, Crime, Drama","Frances McDormand, Woody Harrelson, Sam Rockwell, Caleb Landry Jones, Kerry Condon, Alejandro Barrios, Jason Ledford, Darrell Britt-Gibson, Abbie Cornish, Riya May Atwood, Selah Atwood, Lucas Hedges, Zeljko Ivanek, Amanda Warren, Malaya Rivera Drew, Sandy Martin, Peter Dinklage, Christopher Berry",494K
167,Trainspotting,1996,8.1,Danny Boyle,1h 33m,Drama,"Ewan McGregor, Ewen Bremner, Jonny Lee Miller, Kevin McKidd, Robert Carlyle, Kelly Macdonald, Peter Mullan, James Cosmo, Eileen Nicholas, Susan Vidler, Pauline Lynch, Shirley Henderson, Stuart McQuarrie, Irvine Welsh, Dale Winton, Keith Allen, Kevin Allen, Annie Louise Ross",678K
168,La última pelea,2011,8.1,Gavin O'Connor,2h 20m,"Action, Drama, Sport","Tom Hardy, Nick Nolte, Joel Edgerton, Jennifer Morrison, Frank Grillo, Kevin Dunn, Maximiliano Hernández, Bryan Callen, Sam Sheridan, Fernando Chien, Jake McLaughlin, Vanessa Martinez, Denzel Whitaker, Carlos Miranda, Nick Lehane, Laura Chinn, Capri Thomas, Lexi Cowan",466K
169,Gran Torino,2008,8.1,Clint Eastwood,1h 56m,Drama,"Clint Eastwood, Bee Vang, Christopher Carley, Ahney Her, Brian Haley, Geraldine Hughes, Dreama Walker, Brian Howe, John Carroll Lynch, William Hill, Brooke Chia Thao, Chee Thao, Choua Kue, Scott Eastwood, Xia Soua Chang, Sonny Vue, Doua Moua, Greg Trzaskoma",766K
170,Fargo,1996,8.1,Joel Coen,1h 38m,"Crime, Thriller","William H. Macy, Frances McDormand, Steve Buscemi, Peter Stormare, Kristin Rudrüd, Harve Presnell, Tony Denman, Gary Houston, Sally Wingert, Kurt Schweickhardt, Larissa Kokernot, Melissa Peterman, Steve Reevis, Warren Keith, Steve Edelman, Sharon Anderson, Larry Brandenburg, James Gaulke",668K
171,La sospecha,2013,8.1,Denis Villeneuve,2h 33m,"Crime, Drama, Mystery","Hugh Jackman, Jake Gyllenhaal, Viola Davis, Melissa Leo, Maria Bello, Terrence Howard, Paul Dano, Dylan Minnette, Zoë Soul, Erin Gerasimovich, Kyla-Drew, Wayne Duvall, Len Cariou, David Dastmalchian, Brad James, Anthony Reynolds, Robert C. Treveiler, Sandra Ellis Lafferty",688K
172,Mi vecino Totoro,1988,8.1,Hayao Miyazaki,1h 26m,"Animation, Comedy, Family","Hitoshi Takagi, Noriko Hidaka, Chika Sakamoto, Shigesato Itoi, Sumi Shimamoto, Tanie Kitabayashi, Yûko Maruyama, Machiko Washio, Reiko Suzuki, Masashi Hirose, Toshiyuki Amagasa, Shigeru Chiba, Naoki Tatsuta, Tarako, Tomohiro Nishimura, Mitsuko Ishida, Chie Kôjiro, Daiki Nakamura",331K
173,Million Dollar Baby,2004,8.1,Clint Eastwood,2h 12m,"Drama, Sport","Hilary Swank, Clint Eastwood, Morgan Freeman, Jay Baruchel, Mike Colter, Lucia Rijker, Brían F. O'Byrne, Anthony Mackie, Margo Martindale, Riki Lindhome, Michael Peña, Benito Martinez, Bruce MacVittie, David Powledge, Joe D'Angerio, Marcus Chait, Tom McCleister, Erica Grant",679K
174,La quimera del oro,1925,8.1,Charles Chaplin,1h 35m,"Adventure, Comedy, Drama","Charles Chaplin, Mack Swain, Tom Murray, Henry Bergman, Malcolm Waite, Georgia Hale, Jack Adams, Frank Aderias, Leona Aderias, Lillian Adrian, Sam Allen, Claude Anderson, Harry Arras, Albert Austin, Marta Belfort, William Bell, Francis Bernhardt, F.J. Beuaregard",110K
175,Atrápame si puedes,2002,8.1,Steven Spielberg,2h 21m,"Biography, Crime, Drama","Leonardo DiCaprio, Tom Hanks, Christopher Walken, Martin Sheen, Nathalie Baye, Amy Adams, James Brolin, Brian Howe, Frank John Hughes, Steve Eastin, Chris Ellis, John Finn, Jennifer Garner, Nancy Lenehan, Ellen Pompeo, Elizabeth Banks, Guy Thauvette, Candice Azzara",950K
176,Blade Runner,1982,8.1,Ridley Scott,1h 57m,"Action, Drama, Sci-Fi","Harrison Ford, Rutger Hauer, Sean Young, Edward James Olmos, M. Emmet Walsh, Daryl Hannah, William Sanderson, Brion James, Joe Turkel, Joanna Cassidy, James Hong, Morgan Paull, Kevin Thompson, John Edward Allen, Hy Pyke, Kimiko Hiroshige, Bob Okazaki, Carolyn DeMirjian",755K
177,Nido de ratas,1954,8.1,Elia Kazan,1h 48m,"Crime, Drama, Thriller","Marlon Brando, Karl Malden, Lee J. Cobb, Rod Steiger, Pat Henning, Leif Erickson, James Westerfield, Tony Galento, Tami Mauriello, John F. Hamilton, John Heldabrand, Rudy Bond, Don Blackman, Arthur Keegan, Abe Simon, Eva Marie Saint, Martin Balsam, Dan Bergin",154K
178,El tercer hombre,1949,8.1,Carol Reed,1h 44m,"Film-Noir, Mystery, Thriller","Orson Welles, Joseph Cotten, Alida Valli, Trevor Howard, Paul Hörbiger, Ernst Deutsch, Erich Ponto, Siegfried Breuer, Hedwig Bleibtreu, Bernard Lee, Wilfrid Hyde-White, Nelly Arno, Jack Arrow, Harold Ayer, Harry Belcher, Leo Bieber, Paul Birch, Martin Boddey",170K
179,Niños del cielo,1997,8.1,Majid Majidi,1h 29m,"Drama, Family, Sport","Mohammad Amir Naji, Amir Farrokh Hashemian, Bahare Seddiqi, Nafise Jafar-Mohammadi, Fereshte Sarabandi, Kamal Mirkarimi, Behzad Rafi, Dariush Mokhtari, Mohammad-Hasan Hosseinian, Masume Dair, Kambiz Peykarnegar, Hasan Roohparvari, Abbas-Ali Roomandi, Jafar Seyfollahi, Qolamreza Maleki, Zahra Mirzai, Sara Zamani, Mohammad Haj-Hosseini",74K
180,Ben-Hur,1959,8.1,William Wyler,3h 32m,"Adventure, Drama, History","Charlton Heston, Jack Hawkins, Stephen Boyd, Haya Harareet, Hugh Griffith, Martha Scott, Cathy O'Donnell, Sam Jaffe, Finlay Currie, Frank Thring, Terence Longdon, George Relph, André Morell, Nello Appodia, Fortunato Arena, Bruno Ariè, Les Ballets Africains, Emma Baron",237K
181,El maquinista de La General,1926,8.1,Clyde Bruckman,1h 7m,"Action, Adventure, Comedy","Buster Keaton, Marion Mack, Glen Cavender, Jim Farley, Frederick Vroom, Frank Barnes, Charles Henry Smith, Joe Keaton, Mike Donlin, Tom Nawn, Henry Baird, Joe Bricher, Jimmy Bryant, Sergeant Bukowski, C.C. Cruson, Jack Dempster, Keith Fennell, Budd Fine",91K
182,Cuando huye el día,1957,8.1,Ingmar Bergman,1h 31m,"Drama, Romance","Victor Sjöström, Bibi Andersson, Ingrid Thulin, Gunnar Björnstrand, Jullan Kindahl, Folke Sundquist, Björn Bjelfvenstam, Naima Wifstrand, Gunnel Broström, Gertrud Fridh, Sif Ruud, Gunnar Sjöberg, Max von Sydow, Åke Fridell, Yngve Nordwall, Per Sjöstrand, Gio Petré, Gunnel Lindblom",106K
183,12 años de esclavitud,2013,8.1,Steve McQueen,2h 14m,"Biography, Drama, History","Chiwetel Ejiofor, Michael Kenneth Williams, Michael Fassbender, Brad Pitt, Dwight Henry, Dickie Gravois, Bryan Batt, Ashley Dyke, Kelsey Scott, Quvenzhané Wallis, Cameron Zeigler, Tony Bentley, Scoot McNairy, Taran Killam, Christopher Berry, Bill Camp, Mister Mackey Jr., Chris Chalk",690K
184,Antes del amanecer,1995,8.1,Richard Linklater,1h 41m,"Drama, Romance","Ethan Hawke, Julie Delpy, Andrea Eckert, Hanno Pöschl, Karl Bruckschwaiger, Tex Rubinowitz, Erni Mangold, Dominik Castell, Haymon Maria Buttinger, Harald Waiglein, Bilge Jeschim, Kurti, Hans Weingartner, Liese Lyon, Peter Ily Huemer, Otto Reiter, Hubert Fabian Kulterer, Branko Andric",302K
185,Perdida,2014,8.1,David Fincher,2h 29m,"Drama, Mystery, Thriller","Ben Affleck, Rosamund Pike, Neil Patrick Harris, Tyler Perry, Carrie Coon, Kim Dickens, Patrick Fugit, David Clennon, Lisa Banes, Missi Pyle, Emily Ratajkowski, Casey Wilson, Lola Kirke, Boyd Holbrook, Sela Ward, Lee Norris, Jamie McShane, Leonard Kelly-Young",960K
186,Harry Potter y las reliquias de la muerte - Parte 2,2011,8.1,David Yates,2h 10m,"Adventure, Fantasy, Mystery","Daniel Radcliffe, Emma Watson, Rupert Grint, Michael Gambon, Ralph Fiennes, Alan Rickman, Evanna Lynch, Domhnall Gleeson, Clémence Poésy, Warwick Davis, John Hurt, Helena Bonham Carter, Graham Duff, Anthony Allgood, Rusty Goffe, Jon Key, Kelly Macdonald, Jason Isaacs",854K
187,El Francotirador,1978,8.1,Michael Cimino,3h 3m,"Drama, War","Robert De Niro, Christopher Walken, John Cazale, John Savage, Meryl Streep, George Dzundza, Chuck Aspegren, Shirley Stoler, Rutanya Alda, Pierre Segui, Mady Kaplan, Amy Wright, Mary Ann Haenel, Richard Kuss, Joe Grifasi, Christopher Colombi Jr., Victoria Karnafel, Jack Scardino",336K
188,En el nombre del padre,1993,8.1,Jim Sheridan,2h 13m,"Biography, Crime, Drama","Daniel Day-Lewis, Pete Postlethwaite, Alison Crosbie, Philip King, Emma Thompson, Nye Heron, Anthony Brophy, Frankie McCafferty, Paul Warriner, Julian Walsh, Stuart Wolfenden, Jo Connor, Karen Carlisle, Seamus Moran, Billy Byrne, Maureen McBride, Jane Nolan, Laurence Griffin",173K
189,El gran hotel Budapest,2014,8.1,Wes Anderson,1h 39m,"Adventure, Comedy, Crime","Ralph Fiennes, F. Murray Abraham, Mathieu Amalric, Adrien Brody, Willem Dafoe, Jeff Goldblum, Harvey Keitel, Jude Law, Bill Murray, Edward Norton, Saoirse Ronan, Jason Schwartzman, Léa Seydoux, Tilda Swinton, Tom Wilkinson, Owen Wilson, Tony Revolori, Larry Pine",789K
190,Mr. Smith Goes to Washington,1939,8.1,Frank Capra,2h 9m,"Comedy, Drama","James Stewart, Jean Arthur, Claude Rains, Edward Arnold, Guy Kibbee, Thomas Mitchell, Eugene Pallette, Beulah Bondi, H.B. Warner, Harry Carey, Astrid Allwyn, Ruth Donnelly, Grant Mitchell, Porter Hall, H.V. Kaltenborn, Charles Lane, Pierre Watkin, Dick Elliott",115K
191,El salario del miedo,1953,8.1,Henri-Georges Clouzot,2h 11m,"Adventure, Drama, Thriller","Yves Montand, Charles Vanel, Peter van Eyck, Folco Lulli, Véra Clouzot, William Tubbs, Darío Moreno, Jo Dest, Antonio Centa, Luis De Lima, Grégoire Gromoff, Josep Palau i Fabre, Faustini, Seguna, Darling Légitimus, René Baranger, Pat Hurst, Evelio Larenagas",61K
192,Barry Lyndon,1975,8.1,Stanley Kubrick,3h 5m,"Adventure, Drama, War","Ryan O'Neal, Marisa Berenson, Patrick Magee, Hardy Krüger, Steven Berkoff, Gay Hamilton, Marie Kean, Diana Körner, Murray Melvin, Frank Middlemass, André Morell, Arthur O'Sullivan, Godfrey Quigley, Leonard Rossiter, Philip Stone, Leon Vitali, John Bindon, Roger Booth",165K
193,El moderno Sherlock Holmes,1924,8.1,Buster Keaton,45m,"Action, Comedy, Romance","Buster Keaton, Kathryn McGuire, Joe Keaton, Erwin Connelly, Ward Crane, Jane Connelly, George Davis, Doris Deane, Christine Francis, Betsy Ann Hisle, Kewpie Morgan, Steve Murphy, John Patrick, Ford West",49K
194,Memorias de un asesino,2003,8.1,Bong Joon Ho,2h 8m,"Crime, Drama, Mystery","Song Kang-ho, Kim Sang-kyung, Roe-ha Kim, Jae-ho Song, Byun Hee-Bong, Seo-hie Ko, Tae-ho Ryu, No-shik Park, Park Hae-il, Mi-seon Jeon, Young-hwa Seo, Woo Go-na, Ok-joo Lee, Jong-ryol Choi, Seung-mok Yoo, Hun-Kyung Lee, Hyeon-jong Sin, Jae-eung Lee",176K
195,Klaus,2019,8.1,Sergio Pablos,1h 36m,"Animation, Adventure, Comedy","Jason Schwartzman, J.K. Simmons, Rashida Jones, Will Sasso, Neda Margrethe Labba, Sergio Pablos, Norm MacDonald, Joan Cusack, Evan Agos, Sky Alexis, Jaeden Bettencourt, Teddy Blum, Mila Brener, Sydney Brower, Finn Carr, Kendall Joy Hall, Hailey Hermida, Lexie Holland",144K
196,Hasta el último hombre,2016,8.1,Mel Gibson,2h 19m,"Biography, Drama, History","Andrew Garfield, Sam Worthington, Luke Bracey, Teresa Palmer, Richard Pyros, Jacob Warner, Milo Gibson, Darcy Bryce, Roman Guerriero, James Lugton, Kasia Stelmach, Hugo Weaving, Rachel Griffiths, Jarin Towney, Tim McGarry, Tyler Coppin, Richard Platt, Nathaniel Buzolic",509K
197,La habitación,2015,8.1,Lenny Abrahamson,1h 58m,"Drama, Thriller","Brie Larson, Jacob Tremblay, Sean Bridgers, Wendy Crewson, Sandy McMaster, Matt Gordon, Amanda Brugel, Joe Pingue, Joan Allen, Zarrin Darnell-Martin, Cas Anvar, William H. Macy, Jee-Yun Lee, Randal Edwards, Justin Mader, Ola Sturik, Rodrigo Fernandez-Stoll, Rory O'Shea",413K
198,El séptimo sello,1957,8.1,Ingmar Bergman,1h 36m,"Drama, Fantasy","Max von Sydow, Gunnar Björnstrand, Bengt Ekerot, Nils Poppe, Bibi Andersson, Inga Gill, Maud Hansson, Inga Landgré, Gunnel Lindblom, Bertil Anderberg, Anders Ek, Åke Fridell, Gunnar Olsson, Erik Strandmark, Siv Aleros, Sten Ardenstam, Harry Asklund, Benkt-Åke Benktsson",183K
199,Relatos salvajes,2014,8.1,Damián Szifron,2h 2m,"Comedy, Drama, Thriller","Darío Grandinetti, María Marull, Mónica Villa, Diego Starosta, Marcelo Frasca, Lucila Mangone, María Laura Caccamo, Carlos Alberto Vavassori, Pablo Machado, Horacio Vay, Javier Pedersoli, Héctor Drachtman, María Rosa López Ottonello, Rita Cortese, Julieta Zylberberg, César Bordón, Juan Santiago Linari, Leonardo Sbaraglia",195K
200,El gran Lebowski,1998,8.1,Joel Coen,1h 57m,"Comedy, Crime","Jeff Bridges, John Goodman, Julianne Moore, Steve Buscemi, David Huddleston, Philip Seymour Hoffman, Tara Reid, Philip Moon, Mark Pellegrino, Peter Stormare, Flea, Torsten Voges, Jimmie Dale Gilmore, Jack Kehler, John Turturro, James G. Hoosier, Carlos Leon, Terrence Burton",796K
201,Mad Max: Furia en el camino,2015,8.1,George Miller,2h,"Action, Adventure, Sci-Fi","Tom Hardy, Charlize Theron, Nicholas Hoult, Zoë Kravitz, Hugh Keays-Byrne, Josh Helman, Nathan Jones, Rosie Huntington-Whiteley, Riley Keough, Abbey Lee, Courtney Eaton, John Howard, Richard Carter, Iota, Angus Sampson, Jennifer Hagan, Megan Gale, Melissa Jaffer",978K
202,Cómo entrenar a tu dragón,2010,8.1,Dean DeBlois,1h 38m,"Animation, Action, Adventure","Jay Baruchel, Gerard Butler, Christopher Mintz-Plasse, Craig Ferguson, America Ferrera, Jonah Hill, T.J. Miller, Kristen Wiig, Robin Atkin Downes, Philip McGrade, Kieron Elliott, Ashley Jensen, David Tennant",726K
203,Mary y Max,2009,8.1,Adam Elliot,1h 32m,"Animation, Comedy, Drama","Toni Collette, Philip Seymour Hoffman, Eric Bana, Barry Humphries, Christopher Massey, Oliver Marks, Daisy Kocher, Daniel Marks, Hamish Hughes, Dan Doherty, Julie Forsyth, Mandy Mao, Patrick McCabe, Adam Elliot, Mr. Peck, Michael James Allen, Bill Murphy, Shaun Patten",176K
204,"Monsters, Inc.",2001,8.1,Pete Docter,1h 32m,"Animation, Adventure, Comedy","Billy Crystal, John Goodman, Mary Gibbs, Steve Buscemi, James Coburn, Jennifer Tilly, Bob Peterson, John Ratzenberger, Frank Oz, Daniel Gerson, Steve Susskind, Bonnie Hunt, Jeff Pidgeon, Samuel Lord Black, Jack Angel, Bob Bergen, Rodger Bumpass, Gino Conforti",891K
205,Tiburón,1975,8.1,Steven Spielberg,2h 4m,"Adventure, Thriller","Roy Scheider, Robert Shaw, Richard Dreyfuss, Lorraine Gary, Murray Hamilton, Carl Gottlieb, Jeffrey Kramer, Susan Backlinie, Jonathan Filley, Ted Grossman, Chris Rebello, Jay Mello, Lee Fierro, Jeffrey Voorhees, Craig Kingsbury, Robert Nevin, Peter Benchley, Jonathan Searle",590K
206,La pasión de Juana de Arco,1928,8.1,Carl Theodor Dreyer,1h 50m,"Biography, Drama, History","Maria Falconetti, Eugene Silvain, André Berley, Maurice Schutz, Antonin Artaud, Michel Simon, Jean d'Yd, Louis Ravet, Armand Lurville, Jacques Arnna, Alexandre Mihalesco, Léon Larive, Jean Aymé, Gilbert Dacheux, Gilbert Dalleu, Paul Delauzac, Dimitri Dimitriev, Fournez-Goffard",54K
207,Historias de Tokio,1953,8.1,Yasujirô Ozu,2h 16m,Drama,"Chishû Ryû, Chieko Higashiyama, Sô Yamamura, Setsuko Hara, Haruko Sugimura, Kuniko Miyake, Kyôko Kagawa, Eijirô Tôno, Nobuo Nakamura, Shirô Ôsaka, Hisao Toake, Teruko Nagaoka, Mutsuko Sakura, Toyo Takahashi, Tôru Abe, Sachiko Mitani, Zen Murase, Mitsuhiro Môri",61K
208,La sociedad de los poetas muertos,1989,8.1,Peter Weir,2h 8m,"Comedy, Drama","Robin Williams, Robert Sean Leonard, Ethan Hawke, Josh Charles, Gale Hansen, Dylan Kussman, Allelon Ruggiero, James Waterston, Norman Lloyd, Kurtwood Smith, Carla Belver, Leon Pownall, George Martin, Joe Aufiery, Matt Carey, Kevin Cooney, Jane Moore, Lara Flynn Boyle",478K
209,Hotel Rwanda,2004,8.1,Terry George,2h 1m,"Biography, Drama, History","Don Cheadle, Sophie Okonedo, Joaquin Phoenix, Xolani Mali, Desmond Dube, Hakeem Kae-Kazim, Tony Kgoroge, Rosie Motene, Neil McCarthy, Mabutho 'Kid' Sithole, Nick Nolte, Fana Mokoena, Jeremiah Ndlovu, Lebo Mashile, Antonio David Lyons, Leleti Khumalo, Kgomotso Seitshohlo, Lerato Mokgotho",353K
210,Pather Panchali: El pequeño sendero,1955,8.0,Satyajit Ray,1h 59m,Drama,"Kanu Bannerjee, Karuna Bannerjee, Subir Banerjee, Chunibala Devi, Uma Das Gupta, Runki Banerjee, Reba Devi, Aparna Devi, Tulsi Chakraborty, Haren Banerjee, Rampada Das, Nibhanani Devi, Rama Gangopadhaya, Roma Ganguli, Binoy Mukherjee, Haridhan Nag, Harimohan Nag, Kshirod Roy",32K
211,Rocky,1976,8.0,John G. Avildsen,2h,"Drama, Sport","Sylvester Stallone, Talia Shire, Burt Young, Carl Weathers, Burgess Meredith, Thayer David, Joe Spinell, Jimmy Gambina, Bill Baldwin, Al Silvani, George Memmoli, Jodi Letizia, Diana Lewis, George O'Hanlon, Larry Carroll, Stan Shaw, Don Sherman, Billy Sands",565K
212,Pelotón,1986,8.0,Oliver Stone,2h,"Drama, War","Charlie Sheen, Tom Berenger, Willem Dafoe, Keith David, Forest Whitaker, Francesco Quinn, Kevin Dillon, John C. McGinley, Reggie Johnson, Mark Moses, Corey Glover, Johnny Depp, Chris Pedersen, Bob Orwig, Corkey Ford, David Neidorf, Richard Edson, Tony Todd",409K
213,Contra lo imposible,2019,8.0,James Mangold,2h 32m,"Action, Biography, Drama","Matt Damon, Christian Bale, Jon Bernthal, Caitríona Balfe, Josh Lucas, Noah Jupe, Tracy Letts, Remo Girone, Ray McKinnon, JJ Feild, Jack McMullen, Corrado Invernizzi, Joe Williamson, Ian Harding, Christopher Darga, Shawn Law, Emil Beheshti, Darrin Prescott",374K
214,Cuenta conmigo,1986,8.0,Rob Reiner,1h 29m,"Adventure, Drama","Wil Wheaton, River Phoenix, Corey Feldman, Jerry O'Connell, Kiefer Sutherland, Casey Siemaszko, Gary Riley, Bradley Gregg, Jason Oliver Lipsett, Marshall Bell, Frances Lee McCain, Bruce Kirby, William Bronder, Scott Beach, Richard Dreyfuss, John Cusack, Madeleine Swift, Popeye",397K
215,Terminator,1984,8.0,James Cameron,1h 47m,"Action, Sci-Fi","Arnold Schwarzenegger, Linda Hamilton, Michael Biehn, Paul Winfield, Lance Henriksen, Rick Rossovich, Bess Motta, Earl Boen, Dick Miller, Shawn Schepps, Bruce M. Kerner, Franco Columbu, Bill Paxton, Brad Rearden, Brian Thompson, William Wisher, Ken Fritz, Tom Oberhaus",849K
216,En primera plana,2015,8.0,Tom McCarthy,2h 9m,"Biography, Crime, Drama","Mark Ruffalo, Michael Keaton, Rachel McAdams, Liev Schreiber, John Slattery, Brian d'Arcy James, Stanley Tucci, Elena Wohl, Gene Amoroso, Doug Murray, Sharon McFarlane, Jamey Sheridan, Neal Huff, Billy Crudup, Robert B. Kennedy, Duane Murray, Brian Chamberlain, Michael Cyril Creighton",462K
217,Rush: pasión y gloria,2013,8.0,Ron Howard,2h 3m,"Action, Biography, Drama","Daniel Brühl, Chris Hemsworth, Olivia Wilde, Alexandra Maria Lara, Pierfrancesco Favino, David Calder, Natalie Dormer, Stephen Mangan, Christian McKay, Alistair Petrie, Julian Rhind-Tutt, Colin Stinton, Jamie de Courcey, Augusto Dallara, Ilario Calvo, Patrick Baladi, Vincent Riotta, Martin Savage",472K
218,Poder que mata,1976,8.0,Sidney Lumet,2h 1m,Drama,"Faye Dunaway, William Holden, Peter Finch, Robert Duvall, Wesley Addy, Ned Beatty, Arthur Burghardt, Bill Burrows, John Carpenter, Jordan Charney, Kathy Cronkite, Ed Crowley, Jerome Dempsey, Conchata Ferrell, Gene Gross, Stanley Grover, Cindy Grover, Darryl Hickman",158K
219,Hacia rutas salvajes,2007,8.0,Sean Penn,2h 28m,"Adventure, Biography, Drama","Emile Hirsch, Vince Vaughn, Catherine Keener, Marcia Gay Harden, William Hurt, Jena Malone, Brian H. Dierker, Kristen Stewart, Hal Holbrook, Jim Gallien, James O'Neill, Malinda McCollum, Paul Knauls, Zach Galifianakis, Craig Mutsch, Jim Beidler, John Decker, John Hofer",616K
220,Logan,2017,8.0,James Mangold,2h 17m,"Action, Drama, Sci-Fi","Hugh Jackman, Patrick Stewart, Dafne Keen, Boyd Holbrook, Stephen Merchant, Elizabeth Rodriguez, Richard E. Grant, Eriq La Salle, Elise Neal, Quincy Fouse, Al Coronel, Frank Gallegos, Anthony Escobar, Reynaldo Gallegos, Krzysztof Soszynski, Stephen Dunlevy, Daniel Bernhardt, Ryan Sturz",739K
221,El mago de Oz,1939,8.0,Victor Fleming,1h 42m,"Adventure, Family, Fantasy","Judy Garland, Frank Morgan, Ray Bolger, Bert Lahr, Jack Haley, Billie Burke, Margaret Hamilton, Charley Grapewin, Pat Walshe, Clara Blandick, Terry, The Singer Midgets, Franz Balluck, Josefine Balluck, Dorothy Barrett, Amelia Batchelor, Charles Becker, Freda Betsky",393K
222,Ratatouille,2007,8.0,Brad Bird,1h 51m,"Animation, Adventure, Comedy","Brad Garrett, Lou Romano, Patton Oswalt, Ian Holm, Brian Dennehy, Peter Sohn, Peter O'Toole, Janeane Garofalo, Will Arnett, Julius Callahan, James Remar, John Ratzenberger, Teddy Newton, Tony Fucile, Jake Steinfeld, Brad Bird, Stéphane Roux, Jack Bird",714K
223,Hechizo del tiempo,1993,8.0,Harold Ramis,1h 41m,"Comedy, Drama, Fantasy","Bill Murray, Andie MacDowell, Chris Elliott, Stephen Tobolowsky, Brian Doyle-Murray, Marita Geraghty, Angela Paton, Rick Ducommun, Rick Overton, Robin Duke, Carol Bivins, Willie Garson, Ken Hudson Campbell, Les Podewell, Rod Sell, Tom Milanovich, John M. Watson Sr., Peggy Roeder",620K
224,Antes del atardecer,2004,8.0,Richard Linklater,1h 20m,"Drama, Romance","Ethan Hawke, Julie Delpy, Vernon Dobtcheff, Louise Lemoine Torrès, Rodolphe Pauly, Mariane Plasteig, Diabolo, Denis Evrard, Albert Delpy, Marie Pillet",260K
225,El Exorcista,1973,8.0,William Friedkin,2h 2m,Horror,"Ellen Burstyn, Max von Sydow, Linda Blair, Lee J. Cobb, Kitty Winn, Jack MacGowran, Jason Miller, William O'Malley, Barton Heyman, Peter Masterson, Rudolf Schündler, Gina Petrushka, Robert Symonds, Arthur Storch, Thomas Bermingham, Vasiliki Maliaros, Titos Vandis, John Mahon",396K
226,Lo mejor de nuestra vida,1946,8.0,William Wyler,2h 50m,"Drama, Romance, War","Myrna Loy, Dana Andrews, Fredric March, Teresa Wright, Virginia Mayo, Cathy O'Donnell, Hoagy Carmichael, Harold Russell, Gladys George, Roman Bohnen, Ray Collins, Minna Gombell, Walter Baldwin, Steve Cochran, Dorothy Adams, Don Beddoe, Marlene Aames, Charles Halton",64K
227,Los increíbles,2004,8.0,Brad Bird,1h 55m,"Animation, Action, Adventure","Craig T. Nelson, Samuel L. Jackson, Holly Hunter, Jason Lee, Dominique Louis, Teddy Newton, Jean Sincere, Eli Fucile, Maeve Andrews, Wallace Shawn, Spencer Fox, Lou Romano, Wayne Canney, Sarah Vowell, Michael Bird, Elizabeth Peña, Bud Luckey, Brad Bird",719K
228,Ser o no ser,1942,8.0,Ernst Lubitsch,1h 39m,"Comedy, Romance, War","Carole Lombard, Jack Benny, Robert Stack, Felix Bressart, Lionel Atwill, Stanley Ridges, Sig Ruman, Tom Dugan, Charles Halton, George Lynn, Henry Victor, Maude Eburne, Halliwell Hobbes, Miles Mander, Rudolph Anders, Paul Barrett, Sven Hugo Borg, Danny Borzage",37K
229,Viñas de ira,1940,8.0,John Ford,2h 9m,Drama,"Henry Fonda, Jane Darwell, John Carradine, Charley Grapewin, Dorris Bowdon, Russell Simpson, O.Z. Whitehead, John Qualen, Eddie Quillan, Zeffie Tilbury, Frank Sully, Frank Darien, Darryl Hickman, Shirley Mills, Roger Imhof, Grant Mitchell, Charles D. Brown, John Arledge",92K
230,"Rebeca, una mujer inolvidable",1940,8.0,Alfred Hitchcock,2h 10m,"Drama, Film-Noir, Mystery","Laurence Olivier, Joan Fontaine, George Sanders, Judith Anderson, Nigel Bruce, Reginald Denny, C. Aubrey Smith, Gladys Cooper, Florence Bates, Melville Cooper, Leo G. Carroll, Leonard Carey, Lumsden Hare, Edward Fielding, Philip Winter, Forrester Harvey, Bunny Beatty, Billy Bevan",136K
231,La batalla de Argelia,1966,8.0,Gillo Pontecorvo,2h 1m,"Drama, War","Brahim Hadjadj, Jean Martin, Yacef Saadi, Samia Kerbash, Ugo Paletti, Fusia El Kader, Mohamed Ben Kassen, Franco Moruzzi, Tommaso Neri, Rouïched, Gene Wesson",60K
232,Siempre a su lado,2009,8.0,Lasse Hallström,1h 33m,"Biography, Drama, Family","Richard Gere, Joan Allen, Cary-Hiroyuki Tagawa, Sarah Roemer, Jason Alexander, Erick Avari, Davenia McFadden, Robbie Sublett, Kevin DeCoste, Rob Degnan, Tora Hallström, Donna Sorbello, Frank S. Aronson, Troy Doherty, Ian Sherman, Timothy Crowe, Denece Ryland, Blake Friedman",280K
233,La leyenda del indomable,1967,8.0,Stuart Rosenberg,2h 7m,"Crime, Drama","Paul Newman, George Kennedy, Strother Martin, J.D. Cannon, Lou Antonio, Robert Drivas, Jo Van Fleet, Clifton James, Morgan Woodward, Luke Askew, Marc Cavell, Richard Davalos, Robert Donner, Warren Finnerty, Dennis Hopper, John McLiam, Wayne Rogers, Harry Dean Stanton",175K
234,Amores perros,2000,8.0,Alejandro G. Iñárritu,2h 34m,"Drama, Thriller","Emilio Echevarría, Gael García Bernal, Goya Toledo, Álvaro Guerrero, Vanessa Bauche, Jorge Salinas, Marco Pérez, Rodrigo Murray, Humberto Busto, Gerardo Campbell, Rosa María Bianchi, Dunia Saldívar, Adriana Barraza, José Sefami, Lourdes Echevarría, Laura Almela, Ricardo Dalmacci, Gustavo Sánchez Parra",238K
235,La maldición del Perla Negra,2003,8.0,Gore Verbinski,2h 23m,"Action, Adventure, Fantasy","Johnny Depp, Geoffrey Rush, Orlando Bloom, Keira Knightley, Jack Davenport, Jonathan Pryce, Lee Arenberg, Mackenzie Crook, Damian O'Hare, Giles New, Angus Barnett, David Bailie, Michael Berry Jr., Isaac C. Singleton Jr., Kevin McNally, Treva Etienne, Zoe Saldana, Guy Siner",1.1M
236,El odio,1995,8.0,Mathieu Kassovitz,1h 38m,"Crime, Drama","Vincent Cassel, Hubert Koundé, Saïd Taghmaoui, Abdel Ahmed Ghili, Solo, Joseph Momo, Héloïse Rauth, Rywka Wajsbrot, Olga Abrego, Laurent Labasse, Choukri Gabteni, Nabil Ben Mhamed, Benoît Magimel, Médard Niang, Arash Mansour, Abdel-Moulah Boujdouni, Mathilde Vitry, Christian Moro",170K
237,Los 400 golpes,1959,8.0,François Truffaut,1h 39m,"Crime, Drama","Jean-Pierre Léaud, Albert Rémy, Claire Maurier, Guy Decomble, Georges Flamant, Patrick Auffay, Daniel Couturier, François Nocher, Richard Kanayan, Renaud Fontanarosa, Michel Girard, Serge Moati, Bernard Abbou, Jean-François Bergouignan, Michel Lesignor, Luc Andrieux, Robert Beauvais, Bouchon",116K
238,Babam ve Oglum,2005,8.0,Cagan Irmak,1h 52m,"Drama, Family","Çetin Tekindor, Fikret Kuskan, Hümeyra, Ege Tanman, Serif Sezer, Yetkin Dikinciler, Binnur Kaya, Mahmut Gökgöz, Nergis Çorakçi, Bilge Sen, Tuba Büyüküstün, Özge Özberk, Erdal Tosun, Halit Ergenç, Tugyan Akay Kavukçu, Ege Kaya, Muzaffer Demirel, Burak Akçakaya",86K
239,Persona,1966,8.0,Ingmar Bergman,1h 25m,"Drama, Thriller","Bibi Andersson, Liv Ullmann, Margaretha Krook, Gunnar Björnstrand, Jörgen Lindström",117K
240,Lo que sucedió aquella noche,1934,8.0,Frank Capra,1h 45m,"Comedy, Romance","Clark Gable, Claudette Colbert, Walter Connolly, Roscoe Karns, Jameson Thomas, Alan Hale, Arthur Hoyt, Blanche Friderici, Charles C. Wilson, Ernie Adams, Jessie Arnold, Irving Bacon, William Bailey, William Begg, William A. Boardway, Ward Bond, Harry C. Bradley, George P. Breakston",103K
241,La vida de Brian según Monty Python,1979,8.0,Terry Jones,1h 34m,Comedy,"Graham Chapman, John Cleese, Michael Palin, Terry Gilliam, Eric Idle, Terry Jones, Terence Bayler, Carol Cleveland, Kenneth Colley, Neil Innes, Charles McKeown, John Young, Gwen Taylor, Sue Jones-Davies, Peter Brett, John Case, Chris Langham, Andrew MacLachlan",395K
242,La novicia rebelde,1965,8.0,Robert Wise,2h 52m,"Biography, Drama, Family","Julie Andrews, Christopher Plummer, Eleanor Parker, Richard Haydn, Peggy Wood, Charmian Carr, Heather Menzies-Urich, Nicholas Hammond, Duane Chase, Angela Cartwright, Debbie Turner, Kym Karath, Anna Lee, Portia Nelson, Ben Wright, Daniel Truhitte, Norma Varden, Gilchrist Stuart",230K
243,Dersu Uzala,1975,8.0,Akira Kurosawa,2h 22m,"Adventure, Biography, Drama","Maksim Munzuk, Yuriy Solomin, Mikhail Bychkov, Vladimir Khrulyov, V. Lastochkin, Stanislav Marin, Igor Sykhra, Vladimir Sergiyakov, Yanis Yakobsons, Vladimir Khlestov, G. Polunin, V. Koldin, M. Tetov, S. Sinyavskiy, Vladimir Sverba, V. Ignatov, Vladimir Kremena, Aleksandr Pyatkov",29K
244,La doncella,2016,8.0,Park Chan-wook,2h 25m,"Drama, Romance, Thriller","Kim Min-hee, Ha Jung-woo, Cho Jin-woong, Moon So-ri, Kim Tae-ri, Yong-nyeo Lee, Min-chae Yoo, Dong-hwi Lee, Kim Hae-sook, Kyu-jung Lee, Si-eun Kim, Si-yeon Ha, Rina Takagi, Geun-hee Won, Jong-Dae Kim, Han-sun Jang, Eun-yeong Kim, Ri-woo Kim",141K
245,Aladdin,1992,8.0,Ron Clements,1h 30m,"Animation, Adventure, Comedy","Scott Weinger, Robin Williams, Linda Larkin, Jonathan Freeman, Frank Welker, Gilbert Gottfried, Douglas Seale, Charlie Adler, Jack Angel, Corey Burton, Philip L. Clarke, Jim Cummings, Jennifer Darling, Debi Derryberry, Bruce Gooch, Jerry Houser, Vera Lockwood, Sherry Lynn",409K
246,Gandhi,1982,8.0,Richard Attenborough,3h 11m,"Biography, Drama","Ben Kingsley, John Gielgud, Rohini Hattangadi, Roshan Seth, Candice Bergen, Edward Fox, Trevor Howard, John Mills, Martin Sheen, Ian Charleson, Günther Maria Halmer, Athol Fugard, Saeed Jaffrey, Geraldine James, Alyque Padamsee, Amrish Puri, Ian Bannen, Michael Bryant",229K
247,Jai Bhim,2021,8.0,T.J. Gnanavel,2h 44m,"Crime, Drama, Mystery","Suriya, Lijo Mol Jose, Manikandan K., Rajisha Vijayan, Prakash Raj, Rao Ramesh, Guru Somasundaram, M.S. Bhaskar, V. Jayaprakash, Sibi Thomas, Ilavarasu, Jayarao, Sujatha Sivakumar, Ravi Venkatraman, Tamizh, Kumaravel, Supergood Subramani, Bala Hasan",192K
248,Historias cruzadas,2011,8.0,Tate Taylor,2h 26m,Drama,"Emma Stone, Viola Davis, Octavia Spencer, Bryce Dallas Howard, Jessica Chastain, Ahna O'Reilly, Allison Janney, Anna Camp, Eleanor Henry, Emma Henry, Christopher Lowell, Cicely Tyson, Mike Vogel, Sissy Spacek, Brian Kerwin, Wes Chatham, Aunjanue Ellis, Ted Welch",453K
249,La bella y la bestia,1991,8.0,Gary Trousdale,1h 24m,"Animation, Family, Fantasy","Paige O'Hara, Robby Benson, Jesse Corti, Rex Everhart, Angela Lansbury, Jerry Orbach, Bradley Pierce, David Ogden Stiers, Richard White, Jo Anne Worley, Mary Kay Bergman, Brian Cummings, Alvin Epstein, Tony Jay, Alec Murphy, Kimmy Robertson, Hal Smith, Kath Soucie",447K
